avg,bb,birth,era,h,ha,hld,hr,hw,ip,l,name,no,obp,ops,position,r,rbi,sb,so,sv,team,w,whip
,,1998-04-07,,,,,,"190cm, 86kg",,,강이준,36,,,투수,,,,,,KIA,,
,기록이 없습니다.,1999-04-16,,,,,,"178cm, 68kg",,,고명성,,,,내야수,,,,,,KIA,,
0.250,4,1989-01-11,,8,,,1,"184cm, 83kg",,,고종욱,57,0.333,0.739,외야수,3,4,0,6,,KIA,,
,34,2004-04-12,3.56,,43,16,4,"185cm, 90kg",55 2/3,2,곽도규,0,,,투수,,,,64,2,KIA,4,1.38
,14,1988-02-02,7.86,,48,0,5,"183cm, 86kg",34 1/3,1,김건국,43,,,투수,,,,20,0,KIA,0,1.81
0.250,2,1997-03-08,,3,,,0,"183cm, 73kg",,,김규성,14,0.357,0.690,내야수,5,2,1,4,,KIA,,
,15,2000-01-03,5.03,,16,0,1,"184cm, 93kg",19 2/3,0,김기훈,53,,,투수,,,,17,0,KIA,1,1.58
,12,1991-05-08,8.28,,35,8,4,"187cm, 92kg",25,0,김대유,69,,,투수,,,,26,0,KIA,0,1.88
0.347,66,2003-10-02,,189,,,38,"183cm, 85kg",,,김도영,5,0.420,1.067,내야수,143,109,40,110,,KIA,,
,31,2000-09-15,4.92,,87,3,9,"183cm, 87kg",75,6,김도현,60,,,투수,,,,59,0,KIA,4,1.57
0.400,0,2003-04-25,,2,,,0,"177cm, 76kg",,,김두현,12,0.500,0.900,내야수,2,0,0,0,,KIA,,
,1,2003-07-08,15.75,,9,0,3,"188cm, 85kg",4,0,김민재,28,,,투수,,,,3,0,KIA,0,2.50
,1,2002-09-08,9.00,,3,0,0,"182cm, 85kg",1,0,김민주,45,,,투수,,,,2,0,KIA,0,4.00
,25,1994-06-08,4.62,,40,0,2,"182cm, 90kg",37,1,김사윤,21,,,투수,,,,36,1,KIA,0,1.76
,기록이 없습니다.,1999-02-28,,,,,,"187cm, 97kg",,,김석환,35,,,외야수,,,,,,KIA,,
0.329,30,1989-12-18,,139,,,9,"165cm, 77kg",,,김선빈,3,0.380,0.827,내야수,48,57,5,39,,KIA,,
,7,1992-07-09,4.00,,23,0,3,"180cm, 105kg",18,0,김승현,24,,,투수,,,,11,0,KIA,1,1.67
,,1999-06-14,,,,,,"187cm, 100kg",,,김유신,49,,,투수,,,,,,KIA,,
,,2003-09-13,,,,,,"184cm, 85kg",,,김찬민,38,,,투수,,,,,,KIA,,
0.264,12,1989-12-30,,62,,,7,"182cm, 92kg",,,김태군,42,0.328,0.711,포수,24,34,0,24,,KIA,,
,5,2000-07-10,18.00,,7,0,0,"185cm, 90kg",5,0,김현수,32,,,투수,,,,4,0,KIA,0,2.40
0.136,8,1992-04-30,,8,,,1,"178cm, 85kg",,,김호령,27,0.239,0.459,외야수,12,4,3,25,,KIA,,
0.291,38,1989-10-03,,109,,,21,"183cm, 100kg",,,나성범,47,0.357,0.868,외야수,51,80,0,98,,KIA,,
,35,1993-02-08,2.53,,154,0,11,"193cm, 83kg",149 1/3,5,네일,40,,,투수,,,,138,0,KIA,12,1.27
,12,1995-06-03,4.93,,35,0,3,"190cm, 94kg",34 2/3,2,라우어,66,,,투수,,,,37,0,KIA,2,1.36
0.276,1,2001-06-05,,8,,,0,"184cm, 84kg",,,박민,37,0.300,0.714,내야수,5,2,0,7,,KIA,,
0.308,4,1998-02-01,,20,,,0,"175cm, 68kg",,,박정우,15,0.348,0.733,외야수,17,11,0,14,,KIA,,
,3,1992-06-26,6.00,,10,1,0,"181cm, 93kg",6,0,박준표,31,,,투수,,,,4,0,KIA,0,2.17
0.307,48,1995-06-05,,158,,,5,"178cm, 72kg",,,박찬호,1,0.363,0.749,내야수,86,61,20,44,,KIA,,
0.304,16,2000-03-18,,51,,,5,"185cm, 95kg",,,변우혁,29,0.369,0.839,내야수,22,21,1,48,,KIA,,
0.310,36,1989-08-22,,63,,,1,"176cm, 84kg",,,서건창,58,0.416,0.820,내야수,40,26,3,31,,KIA,,
0.310,41,1992-09-06,,171,,,26,"188cm, 93kg",,,소크라테스,30,0.359,0.875,외야수,92,97,13,91,,KIA,,
,5,1993-03-27,5.06,,17,0,2,"190cm, 92kg",16,1,스타우트,2,,,투수,,,,20,0,KIA,1,1.38
,17,1996-07-25,4.53,,38,0,4,"191cm, 93kg",43 2/3,2,알드레드,64,,,투수,,,,52,0,KIA,3,1.26
,41,1988-03-01,4.10,,174,0,21,"183cm, 91kg",171 1/3,5,양현종,54,,,투수,,,,129,0,KIA,11,1.25
0.211,2,1999-03-16,,4,,,0,"172cm, 82kg",,,예진원,61,0.286,0.549,외야수,2,0,0,8,,KIA,,
0.286,0,1996-12-13,,2,,,0,"186cm, 95kg",,,오선우,56,0.286,0.572,내야수,0,1,0,3,,KIA,,
,7,1998-03-02,5.40,,3,0,0,"184cm, 87kg",5,0,유승철,10,,,투수,,,,4,0,KIA,0,2.00
,0,2000-11-15,7.71,,5,0,1,"189cm, 94kg",2 1/3,0,유지성,4,,,투수,,,,3,0,KIA,0,2.14
0.407,0,2003-05-07,,11,,,1,"181cm, 84kg",,,윤도현,11,0.407,1.000,내야수,5,8,1,9,,KIA,,
,43,2004-04-20,4.19,,82,0,8,"187cm, 87kg",81 2/3,4,윤영철,13,,,투수,,,,58,0,KIA,7,1.53
,9,1995-04-25,13.94,,22,0,4,"180cm, 84kg",10 1/3,0,윤중현,19,,,투수,,,,4,0,KIA,0,3.00
,기록이 없습니다.,2005-12-13,,,,,,"182cm, 105kg",,,이상준,44,,,포수,,,,,,KIA,,
0.288,44,1994-07-17,,115,,,9,"182cm, 95kg",,,이우성,25,0.361,0.762,외야수,56,54,7,89,,KIA,,
,14,2002-06-16,5.40,,17,0,3,"185cm, 90kg",13 1/3,0,이의리,48,,,투수,,,,14,0,KIA,1,2.33
,17,1992-08-10,3.86,,37,9,5,"177cm, 85kg",35,0,이준영,20,,,투수,,,,33,0,KIA,4,1.54
0.262,45,1991-03-04,,50,,,1,"173cm, 85kg",,,이창진,8,0.401,0.731,외야수,36,18,4,36,,KIA,,
,7,1994-02-27,7.80,,26,2,2,"181cm, 80kg",15,1,이형범,33,,,투수,,,,9,0,KIA,0,2.20
,17,1993-04-16,6.31,,61,2,8,"184cm, 86kg",45 2/3,2,임기영,17,,,투수,,,,36,0,KIA,6,1.71
,,2001-12-30,,,,,,"182cm, 88kg",,,장민기,46,,,투수,,,,,,KIA,,
,1,2001-08-02,0.00,,2,0,0,"180cm, 86kg",1 1/3,0,장재혁,65,,,투수,,,,0,0,KIA,0,2.25
,34,1995-02-24,3.94,,75,16,8,"181cm, 91kg",75 1/3,4,장현식,50,,,투수,,,,75,0,KIA,5,1.45
,20,1996-04-18,4.09,,55,19,5,"182cm, 84kg",66,5,전상현,51,,,투수,,,,54,7,KIA,10,1.14
,16,2001-08-23,2.49,,47,1,8,"189cm, 98kg",50 2/3,3,정해영,62,,,투수,,,,50,31,KIA,2,1.24
,기록이 없습니다.,2004-05-21,,,,,,"185cm, 87kg",,,정해원,59,,,내야수,,,,,,KIA,,
,,2005-02-19,,,,,,"192cm, 85kg",,,조대현,67,,,투수,,,,,,KIA,,
,기록이 없습니다.,1997-11-11,,,,,,"182cm, 85kg",,,주효상,22,,,포수,,,,,,KIA,,
0.292,50,1997-03-23,,128,,,9,"178cm, 85kg",,,최원준,16,0.371,0.791,외야수,75,56,21,66,,KIA,,
0.182,1,1996-10-24,,2,,,0,"178cm, 75kg",,,최정용,23,0.250,0.432,내야수,0,1,0,4,,KIA,,
,40,2003-09-10,5.09,,44,12,2,"185cm, 100kg",46,3,최지민,39,,,투수,,,,37,3,KIA,3,1.83
0.280,52,1983-12-16,,119,,,22,"180cm, 106kg",,,최형우,34,0.361,0.860,외야수,67,109,1,86,,KIA,,
,12,1994-09-09,3.57,,41,0,2,"185cm, 108kg",40 1/3,1,크로우,,,,투수,,,,43,0,KIA,5,1.31
0.273,4,1994-06-21,,3,,,0,"174cm, 83kg",,,한승택,26,0.467,0.740,포수,2,2,0,1,,KIA,,
0.307,21,1999-02-13,,88,,,7,"184cm, 95kg",,,한준수,55,0.351,0.807,포수,39,41,0,48,,KIA,,
0.295,6,2000-05-02,,31,,,0,"178cm, 72kg",,,홍종표,6,0.339,0.729,내야수,27,11,5,31,,KIA,,
0.286,0,1996-02-10,,2,,,0,"178cm, 100kg",,,황대인,52,0.286,0.715,내야수,1,3,0,1,,KIA,,
,44,2002-07-30,4.44,,109,0,13,"183cm, 96kg",103 1/3,7,황동하,41,,,투수,,,,81,0,KIA,5,1.48
0.303,35,1985-08-18,,122,,,19,"185cm, 100kg",,,강민호,47,0.365,0.861,포수,48,77,3,52,,삼성,,
0.095,0,1991-09-12,,2,,,0,"181cm, 66kg",,,강한울,6,0.091,0.186,내야수,1,1,0,6,,삼성,,
0.071,1,1999-09-27,,1,,,1,"183cm, 85kg",,,공민규,9,0.235,0.521,내야수,1,2,0,9,,삼성,,
0.343,55,1993-02-12,,169,,,33,"189cm, 75kg",,,구자욱,5,0.417,1.044,외야수,92,115,13,73,,삼성,,
,9,1988-11-21,5.50,,42,5,4,"183cm, 85kg",34 1/3,0,김대우,17,,,투수,,,,23,0,삼성,0,1.49
,2,2001-10-15,11.25,,7,0,1,"185cm, 100kg",4,1,김대호,44,,,투수,,,,1,0,삼성,0,2.25
0.000,0,2000-04-14,,0,,,0,"178cm, 90kg",,,김도환,42,0.000,0.000,포수,0,0,0,1,,삼성,,
0.111,1,1990-07-24,,2,,,0,"186cm, 101kg",,,김동엽,38,0.190,0.357,외야수,1,2,0,5,,삼성,,
0.108,3,1996-12-18,,4,,,1,"184cm, 84kg",,,김동진,3,0.175,0.364,내야수,5,2,0,10,,삼성,,
0.250,0,1991-03-02,,2,,,1,"177cm, 80kg",,,김민수,12,0.250,0.875,포수,1,3,0,1,,삼성,,
,,2003-09-01,,,,,,"183cm, 78kg",,,김서준,53,,,투수,,,,,,삼성,,
0.243,9,1999-02-02,,18,,,0,"163cm, 62kg",,,김성윤,39,0.326,0.623,외야수,15,6,3,16,,삼성,,
,,1998-09-26,,,,,,"181cm, 89kg",,,김시현,48,,,투수,,,,,,삼성,,
0.252,45,2003-08-24,,115,,,28,"183cm, 81kg",,,김영웅,30,0.321,0.806,내야수,65,79,9,155,,삼성,,
,7,1999-12-08,10.13,,6,0,0,"185cm, 95kg",5 1/3,0,김윤수,28,,,투수,,,,2,0,삼성,0,2.44
0.238,5,2004-07-26,,20,,,2,"180cm, 81kg",,,김재상,,0.278,0.635,내야수,13,12,4,23,,삼성,,
0.200,3,1996-10-30,,4,,,0,"185cm, 85kg",,,김재성,2,0.304,0.554,포수,3,1,0,5,,삼성,,
,25,1990-09-16,4.09,,58,25,13,"185cm, 91kg",66,8,김재윤,62,,,투수,,,,51,11,삼성,4,1.26
0.184,3,1999-12-26,,9,,,0,"182cm, 85kg",,,김재혁,8,0.222,0.487,외야수,6,6,2,19,,삼성,,
0.316,60,2001-03-08,,143,,,3,"163cm, 64kg",,,김지찬,58,0.405,0.789,내야수,102,36,42,40,,삼성,,
,19,1992-03-02,3.96,,49,23,6,"187cm, 101kg",52 1/3,2,김태훈,27,,,투수,,,,37,0,삼성,3,1.30
0.200,0,1996-03-31,,4,,,0,"177cm, 78kg",,,김태훈,25,0.238,0.488,외야수,2,1,0,3,,삼성,,
0.302,22,1988-11-09,,85,,,9,"174cm, 81kg",,,김헌곤,32,0.358,0.792,외야수,43,34,4,50,,삼성,,
0.224,11,2002-10-11,,41,,,0,"178cm, 78kg",,,김현준,41,0.279,0.569,외야수,23,11,2,49,,삼성,,
0.069,1,2005-07-16,,2,,,0,"183cm, 84kg",,,김호진,60,0.125,0.194,내야수,4,3,0,11,,삼성,,
0.282,6,1996-11-19,,31,,,7,"188cm, 105kg",,,디아즈,0,0.331,0.849,내야수,14,19,0,25,,삼성,,
,30,1996-11-02,3.81,,159,0,15,"198cm, 113kg",144,4,레예스,43,,,투수,,,,114,0,삼성,11,1.31
0.000,2,2004-10-11,,0,,,0,"185cm, 90kg",,,류승민,,0.667,0.667,외야수,1,0,0,1,,삼성,,
0.258,33,1994-01-13,,78,,,3,"181cm, 75kg",,,류지혁,16,0.341,0.666,내야수,43,36,11,70,,삼성,,
0.294,39,1994-12-15,,80,,,4,"188cm, 101kg",,,맥키넌,24,0.381,0.767,내야수,28,36,1,33,,삼성,,
,,2004-05-28,,,,,,"184cm, 80kg",,,박권후,49,,,투수,,,,,,삼성,,
0.231,47,1986-07-10,,81,,,23,"185cm, 107kg",,,박병호,59,0.333,0.782,내야수,52,70,4,121,,삼성,,
,,2003-12-19,,,,,,"184cm, 92kg",,,박준용,66,,,투수,,,,,,삼성,,
,27,1987-07-13,5.95,,104,0,13,"184cm, 80kg",78 2/3,5,백정현,29,,,투수,,,,56,0,삼성,6,1.67
,,2004-02-28,,,,,,"187cm, 78kg",,,서현원,,,,투수,,,,,,삼성,,
,1,1984-03-17,1.08,,8,2,0,"182cm, 93kg",8 1/3,0,송은범,64,,,투수,,,,2,0,삼성,0,1.08
0.218,11,1993-08-14,,31,,,0,"176cm, 68kg",,,안주형,14,0.279,0.511,내야수,24,8,4,39,,삼성,,
0.174,5,2003-02-06,,4,,,0,"173cm, 72kg",,,양도근,68,0.321,0.582,내야수,5,2,0,8,,삼성,,
0.000,1,2000-04-13,,0,,,0,"175cm, 82kg",,,양우현,63,0.071,0.071,내야수,0,1,0,6,,삼성,,
,5,1992-08-23,7.62,,21,2,4,"189cm, 104kg",13,1,양현,19,,,투수,,,,10,0,삼성,0,2.00
,18,1982-07-15,4.91,,75,2,9,"178cm, 93kg",55,9,오승환,21,,,투수,,,,42,27,삼성,3,1.69
,42,2000-04-06,3.66,,150,0,17,"183cm, 92kg",159 2/3,6,원태인,18,,,투수,,,,119,0,삼성,15,1.20
,17,2005-07-13,5.29,,19,0,3,"190cm, 90kg",17,0,육선엽,4,,,투수,,,,11,0,삼성,0,2.12
0.286,22,1999-06-24,,46,,,7,"182cm, 93kg",,,윤정빈,31,0.378,0.831,외야수,26,20,1,47,,삼성,,
0.248,17,1999-10-26,,36,,,1,"180cm, 87kg",,,이병헌,23,0.335,0.632,포수,9,9,0,48,,삼성,,
,6,1990-11-04,3.90,,31,8,2,"180cm, 85kg",30,1,이상민,15,,,투수,,,,12,1,삼성,2,1.23
0.242,31,1993-08-03,,73,,,22,"178cm, 82kg",,,이성규,13,0.339,0.839,외야수,56,57,9,109,,삼성,,
,26,2000-08-26,8.56,,71,0,14,"174cm, 79kg",47 1/3,4,이승민,35,,,투수,,,,23,0,삼성,1,2.05
,37,2002-05-19,4.23,,88,0,9,"183cm, 102kg",87 1/3,4,이승현,57,,,투수,,,,68,0,삼성,6,1.43
,23,1991-11-20,4.48,,68,9,6,"181cm, 92kg",60 1/3,2,이승현,20,,,투수,,,,51,1,삼성,6,1.51
,4,1994-03-18,17.69,,29,0,2,"180cm, 76kg",9 2/3,0,이재익,1,,,투수,,,,6,0,삼성,1,3.41
0.260,58,2003-02-04,,101,,,14,"180cm, 82kg",,,이재현,7,0.365,0.784,내야수,71,66,2,83,,삼성,,
0.190,0,1999-06-03,,4,,,0,"184cm, 89kg",,,이창용,50,0.190,0.428,내야수,1,2,0,4,,삼성,,
,26,2004-08-14,7.40,,66,0,9,"184cm, 87kg",45,4,이호성,55,,,투수,,,,28,0,삼성,2,2.04
,30,1985-08-25,3.98,,60,28,4,"183cm, 94kg",54 1/3,1,임창민,45,,,투수,,,,50,1,삼성,2,1.66
,0,1988-04-08,135.00,,5,0,0,"190cm, 90kg",1/3,0,장필준,26,,,투수,,,,0,0,삼성,0,15.00
0.225,14,1992-10-24,,25,,,5,"182cm, 93kg",,,전병우,34,0.313,0.718,내야수,17,14,0,42,,삼성,,
,,2005-05-09,,,,,,"184cm, 98kg",,,정민성,67,,,투수,,,,,,삼성,,
,9,1989-10-11,6.92,,14,3,1,"178cm, 75kg",13,1,최성훈,54,,,투수,,,,10,0,삼성,0,1.77
,21,1998-03-13,2.23,,22,7,1,"173cm, 85kg",36 1/3,2,최지광,40,,,투수,,,,38,0,삼성,3,1.18
,12,1995-01-22,6.30,,24,1,4,"186cm, 97kg",20,0,최채흥,56,,,투수,,,,14,0,삼성,0,1.80
,,1997-03-05,,,,,,"190cm, 85kg",,,최충연,51,,,투수,,,,,,삼성,,
,16,1999-03-26,5.34,,26,1,2,"190cm, 99kg",32,1,최하늘,37,,,투수,,,,18,0,삼성,1,1.31
0.333,1,1997-10-10,,8,,,2,"185cm, 83kg",,,카데나스,,0.360,1.027,외야수,2,5,0,6,,삼성,,
,40,1996-01-24,3.43,,135,0,21,"188cm, 95kg",160,6,코너,52,,,투수,,,,158,0,삼성,11,1.09
,,2002-01-11,,,,,,"188cm, 92kg",,,홍무원,46,,,투수,,,,,,삼성,,
,6,2001-03-27,4.26,,4,0,1,"183cm, 86kg",6 1/3,0,홍원표,65,,,투수,,,,5,0,삼성,0,1.58
,1,1996-03-16,45.00,,5,0,1,"182cm, 85kg",1,0,홍정우,11,,,투수,,,,1,0,삼성,0,6.00
,18,2001-11-03,4.07,,38,0,2,"191cm, 97kg",42,2,황동재,61,,,투수,,,,30,0,삼성,1,1.33
,3,2002-10-14,20.25,,2,0,1,"184cm, 86kg",1 1/3,0,강효종,46,,,투수,,,,2,0,LG,0,3.75
0.257,38,1997-01-11,,87,,,2,"177cm, 75kg",,,구본혁,6,0.335,0.662,내야수,48,43,8,51,,LG,,
0.500,0,2001-11-07,,2,,,0,"172cm, 70kg",,,김대원,64,0.500,1.000,내야수,5,0,2,1,,LG,,
,18,1997-03-08,5.40,,33,1,6,"188cm, 100kg",35,0,김대현,12,,,투수,,,,30,1,LG,2,1.46
0.150,1,1998-03-18,,3,,,0,"184cm, 97kg",,,김민수,53,0.227,0.377,내야수,1,0,0,4,,LG,,
0.241,14,2004-05-21,,39,,,6,"178cm, 110kg",,,김범석,55,0.306,0.683,포수,14,24,0,49,,LG,,
0.000,0,2003-11-15,,0,,,0,"180cm, 85kg",,,김성우,44,0.000,0.000,포수,0,0,0,4,,LG,,
0.267,1,2000-03-17,,4,,,1,"183cm, 100kg",,,김성진,36,0.313,0.780,내야수,1,2,0,4,,LG,,
0.000,0,1997-10-19,,0,,,0,"178cm, 81kg",,,김수인,43,0.000,0.000,내야수,0,0,0,2,,LG,,
,9,1999-01-12,8.22,,21,0,2,"185cm, 90kg",15 1/3,1,김영준,35,,,투수,,,,11,0,LG,1,1.96
,16,1994-05-02,3.78,,50,6,2,"180cm, 83kg",47 2/3,2,김유영,0,,,투수,,,,42,1,LG,1,1.38
,1,2000-04-03,12.00,,7,0,0,"181cm, 83kg",3,0,김윤식,,,,투수,,,,1,0,LG,0,2.67
0.167,3,1998-01-30,,1,,,0,"180cm, 81kg",,,김주성,5,0.444,0.611,내야수,1,0,0,0,,LG,,
,3,1996-12-08,15.43,,8,0,2,"187cm, 89kg",4 2/3,0,김주온,52,,,투수,,,,4,0,LG,0,2.36
,23,1985-03-07,3.97,,62,27,11,"186cm, 90kg",70 1/3,3,김진성,42,,,투수,,,,61,1,LG,3,1.21
,4,1998-08-31,6.75,,17,0,3,"179cm, 82kg",13 1/3,1,김진수,45,,,투수,,,,6,0,LG,0,1.58
0.294,47,1988-01-12,,152,,,8,"188cm, 105kg",,,김현수,22,0.357,0.775,외야수,61,69,6,76,,LG,,
0.200,0,2004-08-04,,3,,,0,"186cm, 85kg",,,김현종,66,0.250,0.517,외야수,8,2,0,4,,LG,,
0.301,65,2000-07-19,,156,,,22,"182cm, 88kg",,,문보경,2,0.372,0.879,내야수,80,101,7,112,,LG,,
0.315,49,1997-02-20,,96,,,0,"175cm, 78kg",,,문성주,8,0.411,0.791,외야수,47,48,13,38,,LG,,
0.272,55,1990-04-07,,118,,,20,"178cm, 92kg",,,박동원,27,0.349,0.810,포수,58,80,1,112,,LG,,
,12,2004-03-27,6.39,,29,8,6,"174cm, 75kg",25 1/3,2,박명근,39,,,투수,,,,13,1,LG,2,1.62
0.263,46,1990-02-24,,127,,,6,"180cm, 75kg",,,박해민,17,0.336,0.695,외야수,72,56,43,101,,LG,,
,,1994-11-24,,,,,,"188cm, 85kg",,,배재준,25,,,투수,,,,,,LG,,
,22,1995-05-26,9.11,,33,1,3,"183cm, 90kg",26 2/3,1,백승현,18,,,투수,,,,14,2,LG,2,2.06
,3,1999-05-18,0.00,,0,0,0,"189cm, 108kg",2,0,성동현,58,,,투수,,,,1,0,LG,0,1.50
,기록이 없습니다.,2000-02-15,,,,,,"178cm, 85kg",,,손용준,56,,,내야수,,,,,,LG,,
,54,1998-12-02,3.79,,157,1,11,"191cm, 95kg",144 2/3,10,손주영,29,,,투수,,,,112,0,LG,9,1.46
0.067,3,1999-02-20,,1,,,0,"182cm, 77kg",,,송찬의,14,0.250,0.317,내야수,2,1,1,6,,LG,,
0.297,64,1996-01-21,,115,,,0,"171cm, 67kg",,,신민재,4,0.401,0.758,내야수,78,40,32,47,,LG,,
0.184,4,1996-02-12,,9,,,0,"176cm, 76kg",,,안익훈,15,0.241,0.445,외야수,8,3,2,13,,LG,,
,16,1995-05-03,4.02,,41,1,5,"185cm, 97kg",47,2,에르난데스,19,,,투수,,,,55,1,LG,3,1.21
,50,1991-05-16,4.19,,169,0,16,"185cm, 95kg",167 2/3,6,엔스,34,,,투수,,,,157,0,LG,13,1.31
0.319,61,1993-10-14,,168,,,32,"183cm, 97kg",,,오스틴,23,0.384,0.957,내야수,99,132,12,82,,LG,,
0.254,51,1990-03-12,,94,,,10,"185cm, 80kg",,,오지환,10,0.350,0.761,내야수,67,59,17,106,,LG,,
,8,2002-10-03,3.09,,11,0,0,"183cm, 88kg",11 2/3,0,우강훈,61,,,투수,,,,10,0,LG,1,1.63
,30,1997-03-07,2.97,,61,1,2,"185cm, 90kg",63 2/3,5,유영찬,54,,,투수,,,,77,26,LG,7,1.43
,8,1994-07-15,4.15,,4,0,0,"183cm, 110kg",4 1/3,0,윤호솔,28,,,투수,,,,5,0,LG,0,2.77
,4,2000-07-18,15.75,,11,0,0,"188cm, 80kg",4,1,이믿음,37,,,투수,,,,2,0,LG,0,3.75
,8,2000-12-03,3.31,,15,1,1,"193cm, 95kg",16 1/3,1,이상영,26,,,투수,,,,8,0,LG,0,1.41
0.222,4,2002-06-17,,14,,,2,"181cm, 85kg",,,이영빈,7,0.261,0.610,내야수,11,12,0,20,,LG,,
,30,1992-08-04,8.82,,42,6,2,"185cm, 97kg",33 2/3,2,이우찬,21,,,투수,,,,31,0,LG,3,2.14
,기록이 없습니다.,1999-07-17,,,,,,"192cm, 105kg",,,이재원,,,,외야수,,,,,,LG,,
,16,2001-03-09,4.15,,26,1,4,"191cm, 93kg",26,2,이종준,40,,,투수,,,,28,0,LG,1,1.62
0.667,0,2003-03-04,,4,,,0,"185cm, 92kg",,,이주헌,63,0.667,1.667,포수,0,3,0,2,,LG,,
,26,1999-07-02,4.53,,61,1,5,"183cm, 85kg",53 2/3,3,이지강,50,,,투수,,,,39,1,LG,2,1.62
,,2003-03-04,,,,,,"188cm, 92kg",,,이지훈,65,,,투수,,,,,,LG,,
,4,2000-11-16,6.59,,16,0,2,"180cm, 87kg",13 2/3,0,임준형,59,,,투수,,,,13,0,LG,0,1.46
,42,1992-11-20,3.83,,144,1,12,"185cm, 80kg",134,6,임찬규,1,,,투수,,,,136,0,LG,10,1.39
0.000,0,1998-07-01,,0,,,0,"181cm, 80kg",,,전준호,32,0.000,0.000,포수,0,0,0,1,,LG,,
,11,1999-08-19,4.76,,31,3,0,"193cm, 99kg",22 2/3,1,정우영,16,,,투수,,,,17,0,LG,2,1.85
,11,2003-12-11,11.68,,19,1,2,"180cm, 85kg",12 1/3,0,정지헌,49,,,투수,,,,11,0,LG,0,2.43
,4,2001-02-05,4.70,,8,0,1,"188cm, 97kg",7 2/3,0,진우영,48,,,투수,,,,6,0,LG,0,1.57
,9,1989-09-19,6.95,,35,2,4,"184cm, 83kg",22,1,최동환,13,,,투수,,,,14,0,LG,0,2.00
0.333,0,2001-06-14,,1,,,0,"177cm, 80kg",,,최명경,57,0.333,0.666,외야수,0,0,0,1,,LG,,
0.077,2,1996-07-01,,1,,,0,"181cm, 73kg",,,최승민,62,0.200,0.277,외야수,20,1,11,3,,LG,,
,,2002-11-29,,,,,,"183cm, 84kg",,,최용하,60,,,투수,,,,,,LG,,
0.270,1,2003-07-18,,10,,,1,"174cm, 76kg",,,최원영,38,0.341,0.746,외야수,18,5,6,7,,LG,,
,57,1997-01-07,4.26,,126,0,10,"184cm, 104kg",126 2/3,7,최원태,20,,,투수,,,,103,0,LG,9,1.44
,25,1989-10-04,4.51,,131,0,13,"191cm, 98kg",113 2/3,8,켈리,,,,투수,,,,69,0,LG,5,1.37
,7,1995-01-13,5.40,,13,3,2,"181cm, 78kg",11 2/3,1,함덕주,11,,,투수,,,,8,0,LG,0,1.71
0.143,2,2001-08-18,,2,,,0,"176cm, 83kg",,,함창건,24,0.250,0.393,외야수,3,0,0,3,,LG,,
0.138,9,1984-07-31,,11,,,0,"176cm, 90kg",,,허도환,30,0.300,0.463,포수,10,11,0,26,,LG,,
0.336,96,1993-11-21,,176,,,5,"189cm, 94kg",,,홍창기,51,0.447,0.857,외야수,96,73,10,93,,LG,,
0.280,32,1994-02-09,,146,,,18,"178cm, 88kg",,,강승호,23,0.328,0.804,내야수,81,81,16,158,,두산,,
,76,1999-05-28,4.24,,142,0,11,"187cm, 95kg",167 2/3,9,곽빈,47,,,투수,,,,154,0,두산,15,1.30
,기록이 없습니다.,1999-02-20,,,,,,"184cm, 74kg",,,권민석,34,,,내야수,,,,,,두산,,
,7,2000-12-07,11.00,,15,0,0,"181cm, 87kg",9,0,권휘,39,,,투수,,,,11,0,두산,0,2.44
,21,1988-08-28,3.00,,41,12,1,"187cm, 95kg",42,2,김강률,27,,,투수,,,,33,1,두산,2,1.48
0.278,22,1997-09-07,,70,,,5,"178cm, 106kg",,,김기연,45,0.337,0.714,포수,31,31,0,47,,두산,,
0.133,8,2000-12-06,,10,,,1,"185cm, 83kg",,,김대한,37,0.230,0.417,외야수,10,7,1,26,,두산,,
,2,2002-06-28,3.86,,2,0,0,"181cm, 83kg",2 1/3,0,김도윤,66,,,투수,,,,1,0,두산,0,1.71
,21,2002-02-14,6.84,,67,0,6,"190cm, 90kg",50,3,김동주,41,,,투수,,,,35,0,두산,1,1.76
,8,1993-11-29,9.37,,63,4,8,"178cm, 90kg",32 2/3,1,김명신,46,,,투수,,,,25,0,두산,2,2.17
,기록이 없습니다.,2004-03-29,,,,,,"188cm, 94kg",,,김문수,102,,,외야수,,,,,,두산,,
,19,1999-05-07,4.32,,23,0,4,"183cm, 90kg",25,1,김민규,19,,,투수,,,,19,0,두산,0,1.68
0.200,3,1996-05-03,,1,,,1,"188cm, 100kg",,,김민혁,10,0.500,1.300,내야수,1,2,0,3,,두산,,
,24,2002-01-01,6.43,,28,0,1,"190cm, 98kg",28,2,김유성,62,,,투수,,,,29,0,두산,1,1.86
0.174,2,1994-07-03,,4,,,1,"178cm, 78kg",,,김인태,33,0.231,0.535,외야수,3,2,0,7,,두산,,
0.302,19,1985-03-21,,38,,,1,"181cm, 75kg",,,김재호,52,0.395,0.760,내야수,20,11,0,23,,두산,,
0.283,63,1988-09-22,,134,,,29,"183cm, 90kg",,,김재환,32,0.368,0.893,외야수,78,92,1,168,,두산,,
,0,1999-05-15,81.00,,3,0,0,"183cm, 87kg",1/3,0,김정우,30,,,투수,,,,0,0,두산,0,9.00
0.087,0,1996-08-10,,2,,,0,"175cm, 74kg",,,김태근,8,0.192,0.279,외야수,7,1,0,10,,두산,,
,31,2005-06-03,2.08,,51,4,2,"181cm, 88kg",65,2,김택연,63,,,투수,,,,78,19,두산,3,1.26
,4,1998-05-17,8.78,,22,0,1,"180cm, 82kg",13 1/3,2,김호준,56,,,투수,,,,6,0,두산,1,1.95
,,1981-05-06,,,,,,"203cm, 103kg",,,니퍼트,,,,투수,,,,,,두산,,
0.305,27,1992-04-15,,95,,,10,"183cm, 97kg",,,라모스,,0.360,0.842,외야수,43,48,3,60,,두산,,
0.667,0,2005-03-25,,2,,,0,"182cm, 92kg",,,류현준,11,0.667,1.667,포수,0,1,0,0,,두산,,
0.200,5,1996-01-11,,3,,,0,"177cm, 84kg",,,박계범,14,0.400,0.667,내야수,5,0,1,7,,두산,,
0.000,0,2002-10-21,,0,,,0,"183cm, 95kg",,,박민준,26,0.000,0.000,포수,0,0,0,3,,두산,,
,2,1995-01-21,11.25,,6,0,2,"177cm, 68kg",4,1,박소준,18,,,투수,,,,2,0,두산,0,2.00
,8,1999-07-16,2.08,,8,0,0,"185cm, 75kg",8 2/3,1,박신지,49,,,투수,,,,3,0,두산,0,1.85
,12,1996-01-29,5.16,,38,4,2,"178cm, 74kg",29 2/3,2,박정수,12,,,투수,,,,22,0,두산,1,1.69
0.226,21,1997-08-05,,42,,,7,"180cm, 90kg",,,박준영,9,0.313,0.722,내야수,25,28,2,58,,두산,,
,1,2003-07-02,0.00,,0,1,0,"181cm, 99kg",2/3,0,박지호,4,,,투수,,,,2,0,두산,0,1.50
,기록이 없습니다.,2000-09-07,,,,,,"183cm, 80kg",,,박지훈,2,,,내야수,,,,,,두산,,
,18,1998-03-10,6.38,,59,3,8,"177cm, 78kg",48,3,박치국,1,,,투수,,,,35,1,두산,2,1.60
,28,1998-09-17,4.26,,54,1,3,"196cm, 97kg",57,6,발라조빅,43,,,투수,,,,69,0,두산,2,1.44
,,2000-01-04,,,,,,"183cm, 95kg",,,백승우,69,,,투수,,,,,,두산,,
,11,1994-06-03,3.12,,75,0,3,"190cm, 81kg",75,4,브랜든,48,,,투수,,,,75,0,두산,7,1.15
0.222,2,1993-06-19,,4,,,0,"178cm, 83kg",,,서예일,16,0.300,0.522,내야수,2,1,0,5,,두산,,
,33,2001-06-04,5.65,,59,0,6,"180cm, 88kg",57 1/3,5,시라카와,,,,투수,,,,46,0,두산,4,1.60
0.200,0,1992-01-25,,1,,,0,"176cm, 98kg",,,안승한,20,0.200,0.400,포수,0,0,0,1,,두산,,
,22,1992-12-04,4.76,,58,0,10,"193cm, 100kg",64 1/3,2,알칸타라,,,,투수,,,,34,0,두산,2,1.24
0.246,49,1991-07-15,,131,,,34,"185cm, 90kg",,,양석환,53,0.316,0.804,내야수,83,107,5,128,,두산,,
0.314,40,1987-06-05,,135,,,17,"180cm, 95kg",,,양의지,25,0.379,0.858,포수,57,94,2,56,,두산,,
0.125,4,1997-05-25,,1,,,0,"179cm, 84kg",,,양찬열,57,0.417,0.542,외야수,2,1,0,1,,두산,,
0.400,1,2005-08-04,,4,,,0,"175cm, 75kg",,,여동건,5,0.455,0.855,내야수,2,0,3,2,,두산,,
0.000,1,2001-09-04,,0,,,0,"179cm, 79kg",,,오명진,6,0.500,0.500,내야수,0,1,0,1,,두산,,
0.250,0,2000-11-14,,1,,,0,"179cm, 90kg",,,윤준호,,0.250,0.500,포수,1,1,0,1,,두산,,
,17,2000-05-29,7.39,,43,1,7,"181cm, 83kg",35 1/3,1,이교훈,99,,,투수,,,,27,0,두산,1,1.70
,34,2003-06-04,2.89,,61,22,3,"183cm, 95kg",65 1/3,1,이병헌,29,,,투수,,,,57,1,두산,6,1.45
,,1995-01-07,,,,,,"186cm, 86kg",,,이승진,55,,,투수,,,,,,두산,,
,36,1997-11-01,3.99,,62,5,4,"192cm, 91kg",65 1/3,4,이영하,50,,,투수,,,,59,2,두산,5,1.50
,,2003-05-07,,,,,,"187cm, 98kg",,,이원재,,,,투수,,,,,,두산,,
0.277,22,1998-08-05,,64,,,3,"175cm, 68kg",,,이유찬,7,0.341,0.705,내야수,39,23,16,51,,두산,,
,,2001-03-26,,,,,,"188cm, 90kg",,,이주엽,3,,,투수,,,,,,두산,,
0.000,1,2005-03-03,,0,,,0,"183cm, 90kg",,,임종성,36,0.250,0.250,내야수,0,0,0,1,,두산,,
0.250,0,2001-04-21,,1,,,0,"186cm, 98kg",,,장규빈,96,0.250,0.500,포수,1,0,0,1,,두산,,
0.200,2,1994-03-07,,4,,,0,"184cm, 86kg",,,장승현,22,0.273,0.573,포수,1,0,0,5,,두산,,
0.333,7,2001-08-21,,9,,,0,"177cm, 75kg",,,전다민,58,0.471,0.878,외야수,10,1,1,8,,두산,,
0.246,17,1999-06-30,,61,,,2,"181cm, 73kg",,,전민재,15,0.301,0.599,내야수,34,32,7,53,,두산,,
0.284,71,1990-10-07,,145,,,4,"175cm, 70kg",,,정수빈,31,0.376,0.737,외야수,95,47,52,72,,두산,,
,,1991-12-31,,,,,,"192cm, 92kg",,,정은재,102,,,투수,,,,,,두산,,
,26,1999-03-27,6.40,,39,1,5,"192cm, 95kg",32 1/3,1,정철원,65,,,투수,,,,39,6,두산,2,2.01
0.326,21,1995-07-09,,47,,,10,"185cm, 90kg",,,제러드,95,0.420,1.080,외야수,29,39,4,35,,두산,,
0.265,33,1993-08-30,,87,,,0,"178cm, 73kg",,,조수행,51,0.334,0.627,외야수,60,30,64,53,,두산,,
,7,2001-05-11,6.00,,37,1,6,"190cm, 87kg",27,0,최승용,28,,,투수,,,,21,0,두산,2,1.63
,34,1994-12-21,6.46,,125,0,21,"182cm, 91kg",110,7,최원준,61,,,투수,,,,72,0,두산,6,1.45
,5,2001-05-01,3.72,,8,2,2,"185cm, 84kg",9 2/3,0,최종인,40,,,투수,,,,8,1,두산,1,1.34
,30,2004-06-03,5.10,,69,0,11,"188cm, 90kg",72 1/3,6,최준호,59,,,투수,,,,58,0,두산,3,1.37
,24,2001-07-23,3.24,,48,15,6,"180cm, 88kg",50,1,최지강,42,,,투수,,,,45,1,두산,3,1.44
0.309,36,1990-08-26,,129,,,7,"176cm, 69kg",,,허경민,13,0.384,0.811,내야수,69,61,5,25,,두산,,
,33,1992-09-29,2.73,,55,11,5,"187cm, 97kg",59 1/3,3,홍건희,17,,,투수,,,,45,9,두산,4,1.48
0.286,1,1997-07-15,,4,,,0,"187cm, 98kg",,,홍성호,44,0.333,0.762,외야수,0,1,1,7,,두산,,
,4,2004-07-12,11.25,,8,0,1,"183cm, 85kg",4,1,강건,99,,,투수,,,,3,0,KT,0,3.00
0.000,0,1999-12-08,,0,,,0,"180cm, 85kg",,,강민성,5,0.000,0.000,내야수,0,0,0,0,,KT,,
0.289,59,1999-07-29,,159,,,26,"184cm, 98kg",,,강백호,50,0.360,0.840,내야수,92,96,6,127,,KT,,
0.308,8,2001-04-13,,8,,,1,"180cm, 90kg",,,강현우,55,0.471,0.933,포수,4,8,0,10,,KT,,
,14,1991-09-16,4.95,,141,0,6,"187cm, 88kg",100,8,고영표,1,,,투수,,,,79,0,KT,6,1.55
0.222,1,1998-09-12,,2,,,0,"178cm, 87kg",,,권동진,52,0.300,0.522,내야수,3,0,0,2,,KT,,
,,2004-04-12,,,,,,"187cm, 90kg",,,김건웅,49,,,투수,,,,,,KT,,
0.125,1,1996-07-12,,3,,,0,"182cm, 83kg",,,김건형,0,0.160,0.327,외야수,2,1,0,8,,KT,,
,27,1999-04-14,4.31,,84,21,5,"185cm, 88kg",77 1/3,4,김민,11,,,투수,,,,77,0,KT,8,1.44
,기록이 없습니다.,2005-07-22,,,,,,"181cm, 93kg",,,김민석,97,,,포수,,,,,,KT,,
,,2005-08-28,,,,,,"180cm, 83kg",,,김민성,94,,,투수,,,,,,KT,,
,33,1992-07-24,5.20,,84,12,8,"188cm, 80kg",81 1/3,3,김민수,26,,,투수,,,,75,0,KT,5,1.44
0.353,35,1995-11-21,,124,,,1,"181cm, 71kg",,,김민혁,53,0.410,0.829,외야수,47,34,4,45,,KT,,
0.357,2,2003-07-03,,5,,,0,"175cm, 80kg",,,김병준,57,0.438,0.795,외야수,9,1,0,2,,KT,,
0.276,37,1990-03-23,,102,,,4,"175cm, 68kg",,,김상수,7,0.351,0.730,내야수,60,45,3,59,,KT,,
,7,2002-08-18,4.91,,9,0,1,"178cm, 81kg",7 1/3,0,김영현,48,,,투수,,,,8,0,KT,0,2.18
,,2004-04-21,,,,,,"184cm, 84kg",,,김정운,,,,투수,,,,,,KT,,
,,1999-10-07,,,,,,"180cm, 77kg",,,김주완,98,,,투수,,,,,,KT,,
0.240,5,1994-07-31,,6,,,0,"175cm, 91kg",,,김준태,44,0.367,0.687,포수,6,3,0,6,,KT,,
0.329,88,1990-05-24,,188,,,32,"189cm, 102kg",,,로하스,3,0.421,0.989,외야수,108,112,2,115,,KT,,
0.256,45,1991-04-06,,89,,,17,"184cm, 85kg",,,문상철,24,0.351,0.786,외야수,50,58,6,86,,KT,,
,22,1995-02-04,12.18,,23,0,2,"178cm, 93kg",17,0,문용익,13,,,투수,,,,17,0,KT,0,2.65
0.667,0,1984-03-31,,2,,,0,"178cm, 80kg",,,박경수,6,0.667,1.667,내야수,2,1,0,1,,KT,,
0.214,0,2000-04-13,,3,,,0,"180cm, 77kg",,,박민석,25,0.214,0.428,내야수,6,0,0,7,,KT,,
,4,1997-06-27,3.38,,7,0,0,"178cm, 93kg",5 1/3,0,박세진,33,,,투수,,,,2,0,KT,0,2.06
,7,1989-03-10,4.62,,27,4,4,"180cm, 88kg",25 1/3,1,박시영,46,,,투수,,,,23,1,KT,0,1.34
,22,2003-10-11,3.52,,63,0,12,"183cm, 91kg",76 2/3,2,박영현,60,,,투수,,,,87,25,KT,10,1.11
0.275,50,1995-06-12,,111,,,7,"185cm, 80kg",,,배정대,27,0.355,0.749,외야수,49,59,9,114,,KT,,
,48,1993-07-26,4.63,,141,0,28,"188cm, 95kg",149 2/3,8,벤자민,43,,,투수,,,,156,0,KT,11,1.26
,16,1997-12-22,7.31,,46,1,1,"175cm, 82kg",32,0,성재헌,95,,,투수,,,,20,0,KT,0,1.94
,1,2001-09-16,3.24,,7,0,1,"189cm, 92kg",8 1/3,0,소형준,30,,,투수,,,,3,0,KT,2,0.96
,20,2001-01-23,5.32,,50,4,5,"183cm, 88kg",47 1/3,2,손동현,41,,,투수,,,,27,1,KT,1,1.48
0.214,3,1991-08-02,,3,,,0,"177cm, 80kg",,,송민섭,12,0.421,0.635,외야수,8,1,0,6,,KT,,
0.279,16,1989-03-21,,34,,,3,"179cm, 88kg",,,신본기,56,0.371,0.748,내야수,18,19,2,28,,KT,,
0.266,17,1995-04-28,,45,,,3,"183cm, 74kg",,,심우준,2,0.337,0.680,내야수,22,28,7,29,,KT,,
0.250,2,1998-05-29,,11,,,0,"176cm, 72kg",,,안치영,8,0.283,0.533,외야수,12,3,0,12,,KT,,
0.200,2,2003-08-22,,5,,,1,"183cm, 90kg",,,안현민,62,0.276,0.676,외야수,5,2,0,10,,KT,,
,42,1996-10-04,4.88,,164,0,26,"187cm, 72kg",156 2/3,10,엄상백,18,,,투수,,,,159,0,KT,13,1.31
0.293,18,1992-02-24,,51,,,6,"180cm, 87kg",,,오윤석,4,0.369,0.858,내야수,33,27,0,41,,KT,,
0.243,36,1986-10-29,,72,,,11,"187cm, 95kg",,,오재일,36,0.321,0.743,내야수,33,45,0,88,,KT,,
,2,1985-01-21,2.49,,47,4,1,"184cm, 75kg",43 1/3,1,우규민,21,,,투수,,,,39,1,KT,4,1.13
,31,2004-10-16,7.03,,105,1,6,"183cm, 83kg",65 1/3,5,원상현,63,,,투수,,,,59,0,KT,2,2.08
,20,2005-07-18,5.44,,52,0,6,"186cm, 90kg",44 2/3,5,육청명,64,,,투수,,,,20,0,KT,1,1.61
,,1998-04-24,,,,,,"185cm, 72kg",,,윤강찬,65,,,투수,,,,,,KT,,
0.176,1,2001-07-26,,3,,,0,"186cm, 86kg",,,윤준혁,35,0.222,0.516,내야수,3,0,0,6,,KT,,
,14,1995-11-24,5.34,,42,3,3,"181cm, 88kg",32,1,이상동,37,,,투수,,,,30,0,KT,0,1.75
,4,2000-09-19,5.40,,10,0,0,"186cm, 90kg",10,0,이선우,61,,,투수,,,,4,0,KT,0,1.40
,,1997-12-05,,,,,,"188cm, 93kg",,,이정현,51,,,투수,,,,,,KT,,
,3,1998-11-23,9.45,,13,0,2,"185cm, 85kg",6 2/3,0,이채호,17,,,투수,,,,5,0,KT,0,2.40
,,2000-02-21,,,,,,"188cm, 72kg",,,이태규,45,,,투수,,,,,,KT,,
,,2001-10-13,,,,,,"185cm, 86kg",,,이현민,114,,,투수,,,,,,KT,,
0.146,1,1995-06-03,,6,,,0,"177cm, 87kg",,,이호연,34,0.167,0.338,내야수,3,0,0,12,,KT,,
0.268,60,1990-01-17,,112,,,19,"187cm, 100kg",,,장성우,22,0.355,0.805,포수,53,81,5,86,,KT,,
0.071,4,1995-11-21,,1,,,0,"183cm, 77kg",,,장준원,16,0.278,0.349,내야수,1,0,0,5,,KT,,
,3,2000-02-12,10.80,,2,0,0,"188cm, 87kg",1 2/3,0,전용주,29,,,투수,,,,4,0,KT,0,3.00
0.226,8,2004-01-26,,14,,,0,"173cm, 73kg",,,정준영,58,0.324,0.582,외야수,9,3,0,16,,KT,,
0.306,3,1999-08-06,,11,,,0,"183cm, 81kg",,,조대현,42,0.350,0.711,포수,2,3,0,12,,KT,,
0.248,13,1989-09-09,,37,,,0,"170cm, 75kg",,,조용호,23,0.309,0.591,외야수,17,13,5,25,,KT,,
,10,1995-06-27,6.30,,53,0,9,"185cm, 95kg",40,2,조이현,54,,,투수,,,,19,0,KT,1,1.58
,11,1995-05-31,6.67,,78,0,7,"181cm, 82kg",58,1,주권,38,,,투수,,,,31,0,KT,1,1.53
0.295,18,1997-10-30,,69,,,1,"183cm, 85kg",,,천성호,14,0.346,0.714,내야수,41,17,7,43,,KT,,
,59,1990-10-14,4.10,,158,0,17,"188cm, 98kg",173 1/3,12,쿠에바스,32,,,투수,,,,154,0,KT,7,1.25
,1,1989-04-29,9.00,,5,0,0,"174cm, 78kg",2,0,하준호,28,,,투수,,,,0,0,KT,0,3.00
,18,1998-11-30,9.95,,29,0,4,"180cm, 80kg",19,4,한차현,59,,,투수,,,,17,0,KT,0,2.47
0.222,3,1997-08-29,,4,,,0,"174cm, 70kg",,,홍현빈,31,0.333,0.666,외야수,5,2,0,7,,KT,,
0.260,34,1987-07-28,,128,,,13,"183cm, 96kg",,,황재균,10,0.309,0.692,내야수,60,58,4,95,,KT,,
0.185,3,1993-10-19,,5,,,0,"176cm, 89kg",,,강진성,49,0.267,0.452,외야수,4,2,0,5,,SSG,,
0.250,25,2002-07-08,,85,,,11,"185cm, 94kg",,,고명준,18,0.303,0.688,내야수,33,45,3,90,,SSG,,
,20,1983-02-08,8.18,,23,5,4,"179cm, 81kg",22,1,고효준,15,,,투수,,,,27,0,SSG,2,1.95
,,2002-07-12,,,,,,"185cm, 88kg",,,김건우,39,,,투수,,,,,,SSG,,
,73,1988-07-22,4.93,,162,0,24,"188cm, 88kg",162 1/3,10,김광현,29,,,투수,,,,154,0,SSG,12,1.45
0.208,16,1989-06-28,,22,,,1,"180cm, 80kg",,,김민식,24,0.311,0.594,포수,10,10,0,33,,SSG,,
,기록이 없습니다.,2004-03-20,,,,,,"181cm, 78kg",,,김민준,,,,내야수,,,,,,SSG,,
,기록이 없습니다.,2001-04-30,,,,,,"184cm, 88kg",,,김성민,53,,,내야수,,,,,,SSG,,
0.227,16,1987-03-09,,32,,,1,"172cm, 72kg",,,김성현,6,0.321,0.605,내야수,21,15,2,28,,SSG,,
,기록이 없습니다.,2004-03-07,,,,,,"180cm, 75kg",,,김정민,65,,,외야수,,,,,,SSG,,
0.000,0,1997-12-29,,0,,,0,"182cm, 83kg",,,김찬형,5,0.000,0.000,내야수,0,0,0,4,,SSG,,
0.000,2,2000-06-14,,0,,,0,"185cm, 85kg",,,김창평,64,0.222,0.222,외야수,1,0,1,4,,SSG,,
,6,1996-10-10,9.00,,10,0,1,"185cm, 100kg",7,1,김택형,43,,,투수,,,,1,0,SSG,0,2.29
,32,1984-03-11,2.90,,71,38,10,"187cm, 100kg",83 2/3,5,노경은,38,,,투수,,,,71,0,SSG,8,1.23
,10,1995-07-03,12.71,,37,0,2,"183cm, 83kg",22 2/3,3,더거,,,,투수,,,,18,0,SSG,0,2.07
0.000,0,1996-07-16,,0,,,0,"190cm, 100kg",,,류효승,63,0.000,0.000,외야수,0,0,0,0,,SSG,,
,24,1989-11-28,4.50,,67,6,10,"180cm, 88kg",60,1,문승원,42,,,투수,,,,53,20,SSG,6,1.52
,,2005-07-26,,,,,,"184cm, 80kg",,,박기호,90,,,투수,,,,,,SSG,,
,기록이 없습니다.,1995-08-28,,,,,,"182cm, 85kg",,,박대온,30,,,포수,,,,,,SSG,,
,7,1992-02-25,4.76,,25,0,4,"185cm, 95kg",22 2/3,0,박민호,41,,,투수,,,,10,0,SSG,2,1.41
,0,2003-12-29,0.00,,1,0,0,"187cm, 92kg",2 1/3,0,박성빈,00,,,투수,,,,2,0,SSG,0,0.43
0.301,64,1998-03-30,,147,,,10,"180cm, 77kg",,,박성한,2,0.380,0.791,내야수,78,67,13,86,,SSG,,
,7,2001-05-10,6.75,,18,0,1,"182cm, 88kg",14 2/3,0,박시후,57,,,투수,,,,11,0,SSG,0,1.70
,21,1991-08-13,6.94,,37,0,7,"186cm, 90kg",35,4,박종훈,50,,,투수,,,,34,0,SSG,1,1.66
0.276,12,2005-07-12,,63,,,4,"183cm, 75kg",,,박지환,93,0.317,0.703,내야수,33,21,8,61,,SSG,,
,9,2000-10-29,7.71,,13,0,2,"183cm, 85kg",9 1/3,0,백승건,11,,,투수,,,,5,0,SSG,0,2.36
,,2000-01-14,,,,,,"193cm, 108kg",,,서상준,61,,,투수,,,,,,SSG,,
,26,1992-10-02,5.55,,52,6,5,"184cm, 88kg",47,1,서진용,22,,,투수,,,,38,0,SSG,0,1.66
,51,2004-05-28,5.80,,112,0,10,"185cm, 90kg",99 1/3,10,송영진,28,,,투수,,,,67,0,SSG,5,1.64
0.222,1,1998-01-25,,6,,,0,"177cm, 83kg",,,신범수,40,0.276,0.609,포수,4,2,0,5,,SSG,,
,3,2002-07-19,18.00,,7,0,2,"187cm, 88kg",3,0,신헌민,32,,,투수,,,,0,0,SSG,0,3.33
0.171,4,1997-01-27,,12,,,0,"178cm, 74kg",,,안상현,10,0.216,0.402,내야수,3,2,1,14,,SSG,,
,53,1994-03-22,3.89,,98,0,11,"190cm, 92kg",115 2/3,3,앤더슨,33,,,투수,,,,158,0,SSG,11,1.31
0.360,28,1991-01-31,,195,,,21,"178cm, 88kg",,,에레디아,27,0.399,0.937,외야수,82,118,4,73,,SSG,,
,30,1988-08-01,4.08,,126,0,13,"185cm, 92kg",123 2/3,7,엘리아스,55,,,투수,,,,104,0,SSG,7,1.26
,65,2001-04-23,5.03,,122,1,17,"182cm, 80kg",121 2/3,9,오원석,47,,,투수,,,,112,0,SSG,6,1.54
0.275,31,1991-11-18,,68,,,9,"186cm, 88kg",,,오태곤,37,0.355,0.804,외야수,43,36,27,73,,SSG,,
,15,1995-02-13,11.37,,34,0,5,"182cm, 85kg",19,2,이건욱,16,,,투수,,,,17,0,SSG,1,2.58
,23,2003-05-14,3.66,,12,0,2,"174cm, 74kg",19 2/3,1,이기순,,,,투수,,,,24,0,SSG,1,1.78
,43,2004-09-11,5.95,,67,9,4,"185cm, 105kg",56,3,이로운,92,,,투수,,,,41,1,SSG,1,1.96
,기록이 없습니다.,2005-01-06,,,,,,"187cm, 90kg",,,이승민,97,,,외야수,,,,,,SSG,,
,기록이 없습니다.,1998-04-10,,,,,,"178cm, 88kg",,,이정범,31,,,외야수,,,,,,SSG,,
0.279,18,1986-02-27,,111,,,5,"177cm, 88kg",,,이지영,59,0.320,0.669,포수,45,50,8,35,,SSG,,
,10,1998-12-06,6.75,,29,0,3,"177cm, 82kg",21 1/3,0,장지훈,66,,,투수,,,,10,0,SSG,0,1.83
,기록이 없습니다.,1999-03-18,,,,,,"184cm, 95kg",,,전경원,12,,,포수,,,,,,SSG,,
0.088,5,2000-11-25,,5,,,1,"188cm, 98kg",,,전의산,56,0.159,0.299,내야수,3,3,0,15,,SSG,,
,1,1997-10-22,0.00,,1,0,0,"193cm, 103kg",1 2/3,0,정동윤,51,,,투수,,,,2,0,SSG,0,1.20
,,1996-07-10,,,,,,"181cm, 80kg",,,정성곤,,,,투수,,,,,,SSG,,
0.307,19,2003-01-03,,66,,,1,"165cm, 68kg",,,정준재,95,0.371,0.776,내야수,40,23,16,49,,SSG,,
0.241,2,2001-10-24,,7,,,1,"180cm, 80kg",,,정현승,96,0.290,0.635,외야수,1,4,1,6,,SSG,,
,31,2002-05-08,3.58,,52,12,8,"182cm, 90kg",73,6,조병현,19,,,투수,,,,96,12,SSG,4,1.14
0.242,1,2002-04-04,,8,,,0,"187cm, 95kg",,,조형우,20,0.342,0.584,포수,4,4,0,6,,SSG,,
-,0,1995-11-21,,0,,,0,"182cm, 80kg",,,채현우,60,-,-,외야수,0,0,0,0,,SSG,,
0.171,8,1996-06-17,,6,,,0,"168cm, 73kg",,,최경모,52,0.326,0.497,내야수,12,0,6,7,,SSG,,
,24,1999-06-11,7.78,,61,0,9,"178cm, 83kg",39 1/3,0,최민준,67,,,투수,,,,40,0,SSG,1,2.16
0.000,0,1996-04-16,,0,,,0,"179cm, 76kg",,,최민창,69,0.000,0.000,외야수,2,0,0,1,,SSG,,
0.167,0,1999-08-20,,2,,,0,"178cm, 75kg",,,최상민,23,0.231,0.564,외야수,9,1,2,5,,SSG,,
0.291,55,1987-02-28,,136,,,37,"180cm, 90kg",,,최정,14,0.384,0.978,내야수,93,107,5,114,,SSG,,
0.240,9,1999-03-25,,6,,,0,"176cm, 78kg",,,최준우,7,0.441,0.761,내야수,2,5,0,8,,SSG,,
0.275,50,1997-07-23,,133,,,11,"178cm, 82kg",,,최지훈,54,0.345,0.763,외야수,89,49,32,71,,SSG,,
,3,2003-10-16,54.00,,5,0,1,"185cm, 90kg",2/3,0,최현석,94,,,투수,,,,1,0,SSG,0,12.00
0.281,37,1982-07-13,,71,,,5,"180cm, 97kg",,,추신수,17,0.373,0.776,외야수,40,37,5,68,,SSG,,
0.248,18,1990-10-29,,72,,,10,"182cm, 90kg",,,하재훈,13,0.292,0.709,외야수,40,36,15,90,,SSG,,
,31,1997-01-15,5.01,,62,3,3,"177cm, 86kg",59 1/3,1,한두솔,34,,,투수,,,,68,0,SSG,2,1.57
0.235,46,1989-08-09,,109,,,24,"190cm, 105kg",,,한유섬,35,0.314,0.767,외야수,64,87,0,142,,SSG,,
0.000,0,2001-07-08,,0,,,0,"180cm, 95kg",,,현원회,8,0.000,0.000,포수,0,0,0,1,,SSG,,
0.500,0,2005-04-12,,1,,,0,"182cm, 77kg",,,강성우,67,0.500,1.000,내야수,0,0,0,0,,롯데,,
0.000,0,2003-10-19,,0,,,0,"180cm, 83kg",,,강승구,36,0.000,0.000,포수,0,0,0,1,,롯데,,
0.000,0,1996-11-01,,0,,,0,"179cm, 91kg",,,강태율,32,0.000,0.000,포수,0,0,0,4,,롯데,,
0.308,41,2000-08-11,,148,,,14,"189cm, 92kg",,,고승민,65,0.358,0.834,내야수,79,87,5,78,,롯데,,
,35,1990-06-12,4.84,,68,13,6,"182cm, 86kg",57 2/3,3,구승민,22,,,투수,,,,62,0,롯데,5,1.79
,18,1995-02-27,3.55,,28,0,2,"177cm, 84kg",25 1/3,0,김강현,19,,,투수,,,,24,0,롯데,0,1.82
,6,1998-07-11,9.00,,5,0,0,"192cm, 118kg",4,1,김도규,23,,,투수,,,,5,0,롯데,0,2.75
0.200,2,2000-09-15,,3,,,0,"177cm, 77kg",,,김동혁,50,0.294,0.627,외야수,8,1,3,5,,롯데,,
0.211,2,2004-05-09,,16,,,0,"185cm, 83kg",,,김민석,2,0.268,0.544,외야수,14,6,3,20,,롯데,,
0.200,10,1988-12-17,,14,,,2,"181cm, 94kg",,,김민성,16,0.321,0.678,내야수,6,8,0,18,,롯데,,
,26,1988-01-02,4.15,,71,17,5,"180cm, 88kg",73 2/3,4,김상수,24,,,투수,,,,56,2,롯데,8,1.32
,31,1993-06-14,3.55,,59,0,4,"192cm, 96kg",63 1/3,6,김원중,34,,,투수,,,,68,25,롯데,3,1.42
,44,2002-07-05,5.31,,89,0,13,"185cm, 90kg",84 2/3,3,김진욱,15,,,투수,,,,87,0,롯데,4,1.57
,47,1998-03-16,8.51,,114,0,15,"186cm, 109kg",73,7,나균안,43,,,투수,,,,74,0,롯데,4,2.21
0.312,69,2002-02-15,,127,,,7,"190cm, 82kg",,,나승엽,51,0.411,0.880,내야수,59,66,1,83,,롯데,,
0.219,15,1989-07-15,,30,,,2,"184cm, 80kg",,,노진혁,52,0.297,0.604,내야수,13,13,0,39,,롯데,,
0.352,46,1994-10-05,,202,,,15,"196cm, 87kg",,,레이예스,29,0.394,0.904,외야수,88,111,5,82,,롯데,,
,56,1995-11-30,4.78,,188,0,13,"182cm, 85kg",173 1/3,11,박세웅,21,,,투수,,,,124,0,롯데,6,1.41
0.262,47,1992-12-04,,106,,,7,"184cm, 83kg",,,박승욱,53,0.351,0.716,내야수,57,53,4,120,,롯데,,
,1,2005-05-27,9.00,,3,0,0,"190cm, 94kg",2,0,박준우,58,,,투수,,,,1,0,롯데,0,2.00
,11,1999-04-02,4.38,,60,0,4,"182cm, 106kg",49 1/3,4,박진,44,,,투수,,,,35,1,롯데,2,1.44
,1,1994-06-10,4.26,,6,0,0,"181cm, 77kg",6 1/3,0,박진형,40,,,투수,,,,4,0,롯데,0,1.11
,46,1995-10-01,3.35,,140,0,18,"189cm, 91kg",150 2/3,6,반즈,28,,,투수,,,,171,0,롯데,9,1.23
0.000,0,2001-05-20,,0,,,0,"180cm, 95kg",,,백두산,55,0.000,0.000,포수,0,0,0,1,,롯데,,
0.115,0,2000-03-24,,3,,,0,"175cm, 88kg",,,서동욱,69,0.148,0.302,포수,2,0,0,8,,롯데,,
0.197,13,2002-01-14,,30,,,6,"186cm, 92kg",,,손성빈,00,0.271,0.653,포수,24,21,0,38,,롯데,,
0.317,17,1994-08-23,,126,,,18,"182cm, 88kg",,,손호영,33,0.354,0.892,내야수,70,78,7,65,,롯데,,
,5,2002-06-20,10.80,,9,3,2,"181cm, 84kg",8 1/3,1,송재영,59,,,투수,,,,9,1,롯데,0,1.68
,,1996-01-30,,,,,,"175cm, 83kg",,,신병률,60,,,투수,,,,,,롯데,,
0.161,1,1996-01-05,,5,,,0,"177cm, 77kg",,,신윤후,3,0.235,0.396,내야수,5,1,0,8,,롯데,,
,,1987-05-13,,,,,,"178cm, 78kg",,,신정락,,,,투수,,,,,,롯데,,
,,1994-02-18,,,,,,"182cm, 92kg",,,심재민,39,,,투수,,,,,,롯데,,
0.200,2,1989-07-07,,4,,,0,"178cm, 80kg",,,오선진,6,0.333,0.583,내야수,0,0,0,8,,롯데,,
,27,1989-05-24,3.84,,210,0,18,"188cm, 104kg",196 2/3,8,윌커슨,46,,,투수,,,,167,0,롯데,12,1.21
0.191,9,1992-07-15,,26,,,5,"182cm, 88kg",,,유강남,27,0.275,0.599,포수,11,20,0,25,,롯데,,
0.293,67,2003-09-18,,156,,,14,"187cm, 85kg",,,윤동희,91,0.376,0.829,외야수,97,85,7,114,,롯데,,
,2,1999-02-26,45.00,,4,0,1,"197cm, 90kg",1,1,윤성빈,45,,,투수,,,,1,0,롯데,0,6.00
,25,2003-12-10,7.26,,38,1,3,"189cm, 95kg",31,2,이민석,30,,,투수,,,,20,0,롯데,0,2.03
-,0,2005-02-22,,0,,,0,"180cm, 74kg",,,이선우,95,-,-,외야수,1,0,0,0,,롯데,,
,13,1991-06-18,9.55,,49,0,10,"187cm, 97kg",33,3,이인복,35,,,투수,,,,20,0,롯데,0,1.88
0.500,0,1998-12-24,,2,,,0,"183cm, 100kg",,,이인한,54,0.600,1.100,외야수,0,2,0,1,,롯데,,
0.300,13,1994-12-07,,30,,,0,"185cm, 90kg",,,이정훈,48,0.374,0.754,외야수,10,18,0,21,,롯데,,
0.167,1,1998-09-21,,4,,,1,"181cm, 86kg",,,이주찬,63,0.200,0.533,내야수,7,2,0,9,,롯데,,
,,2004-06-02,,,,,,"191cm, 96kg",,,이진하,,,,투수,,,,,,롯데,,
,,2004-02-21,,,,,,"180cm, 80kg",,,이태연,,,,투수,,,,,,롯데,,
0.263,6,1990-11-04,,25,,,2,"187cm, 87kg",,,이학주,7,0.320,0.709,내야수,13,4,0,44,,롯데,,
0.333,1,2004-03-20,,2,,,0,"172cm, 72kg",,,이호준,98,0.429,1.262,내야수,5,3,0,1,,롯데,,
,11,1989-07-16,7.94,,12,2,0,"181cm, 88kg",11 1/3,0,임준섭,57,,,투수,,,,3,0,롯데,0,2.03
0.156,3,1999-09-16,,5,,,0,"176cm, 75kg",,,장두성,13,0.270,0.426,외야수,23,1,14,9,,롯데,,
,21,2005-08-15,5.88,,33,5,4,"187cm, 100kg",33 2/3,5,전미르,61,,,투수,,,,34,1,롯데,1,1.60
0.293,49,1986-02-25,,124,,,17,"184cm, 98kg",,,전준우,8,0.369,0.854,외야수,57,82,3,84,,롯데,,
0.000,0,2004-11-16,,0,,,0,"185cm, 85kg",,,정대선,68,0.000,0.000,내야수,0,0,0,2,,롯데,,
0.226,3,1999-08-31,,30,,,2,"175cm, 94kg",,,정보근,42,0.243,0.529,포수,9,7,0,31,,롯데,,
,,1995-11-16,,,,,,"181cm, 93kg",,,정성종,18,,,투수,,,,,,롯데,,
,7,2000-03-17,4.32,,10,0,2,"180cm, 82kg",8 1/3,0,정우준,12,,,투수,,,,5,0,롯데,0,2.04
,12,2001-05-10,4.56,,20,1,0,"180cm, 84kg",23 2/3,1,정현수,37,,,투수,,,,25,0,롯데,1,1.35
0.267,35,1987-07-18,,76,,,9,"180cm, 85kg",,,정훈,9,0.343,0.775,내야수,31,47,1,63,,롯데,,
,기록이 없습니다.,1994-04-10,,,,,,"181cm, 105kg",,,지시완,,,,포수,,,,,,롯데,,
,5,2003-09-05,8.53,,7,0,0,"184cm, 108kg",6 1/3,1,진승현,26,,,투수,,,,5,0,롯데,0,1.89
,10,1986-06-26,6.18,,36,5,5,"187cm, 85kg",27 2/3,1,진해수,31,,,투수,,,,22,0,롯데,2,1.66
,,1992-02-20,,,,,,"179cm, 93kg",,,최설우,,,,투수,,,,,,롯데,,
,16,1999-04-10,7.30,,40,0,3,"182cm, 90kg",24 2/3,0,최이준,49,,,투수,,,,17,0,롯데,3,2.27
,14,2001-10-10,5.40,,28,3,2,"185cm, 85kg",21 2/3,2,최준용,56,,,투수,,,,12,0,롯데,1,1.94
0.250,10,1994-01-03,,33,,,0,"183cm, 88kg",,,최항,14,0.308,0.596,내야수,17,12,0,32,,롯데,,
-,0,1999-02-22,,0,,,0,"178cm, 86kg",,,추재현,41,-,-,외야수,1,0,1,0,,롯데,,
0.257,1,1999-06-01,,9,,,0,"182cm, 108kg",,,한동희,,0.278,0.592,내야수,1,3,0,9,,롯데,,
,24,1993-06-25,5.19,,92,8,7,"182cm, 98kg",76 1/3,3,한현희,1,,,투수,,,,70,0,롯데,5,1.52
,6,1993-01-13,9.00,,15,0,2,"188cm, 95kg",10,1,현도훈,17,,,투수,,,,8,0,롯데,0,2.10
,1,2001-07-20,12.27,,8,0,0,"185cm, 85kg",3 2/3,0,홍민기,38,,,투수,,,,2,0,롯데,0,2.45
0.320,31,1997-12-19,,117,,,4,"172cm, 76kg",,,황성빈,0,0.375,0.812,외야수,94,26,51,56,,롯데,,
,,1997-04-03,,,,,,"180cm, 89kg",,,강재민,,,,투수,,,,,,한화,,
0.271,3,1997-12-12,,13,,,4,"189cm, 102kg",,,권광민,17,0.314,0.897,외야수,10,9,0,17,,한화,,
0.224,8,1982-09-13,,17,,,1,"182cm, 87kg",,,김강민,9,0.322,0.585,외야수,5,7,0,21,,한화,,
,기록이 없습니다.,2000-02-23,,,,,,"183cm, 79kg",,,김건,56,,,내야수,,,,,,한화,,
,28,2002-08-23,7.02,,66,4,6,"183cm, 91kg",59,0,김규연,60,,,투수,,,,40,0,한화,1,1.59
,27,2002-11-16,6.56,,83,0,8,"186cm, 96kg",59,4,김기중,15,,,투수,,,,39,0,한화,5,1.86
,3,2001-01-05,54.00,,1,0,0,"190cm, 95kg",1/3,1,김도빈,62,,,투수,,,,1,0,한화,0,12.00
,6,1995-07-25,2.19,,7,0,2,"186cm, 123kg",12 1/3,0,김민우,53,,,투수,,,,13,0,한화,1,1.05
,20,1995-10-03,5.29,,33,4,11,"181cm, 92kg",34,0,김범수,47,,,투수,,,,38,0,한화,0,1.56
,32,2004-05-31,3.76,,31,10,0,"188cm, 86kg",38 1/3,2,김서현,54,,,투수,,,,43,0,한화,1,1.64
,0,2001-07-07,3.00,,4,0,0,"183cm, 85kg",3,0,김승일,69,,,투수,,,,2,0,한화,0,1.33
0.237,10,1994-01-28,,31,,,1,"186cm, 100kg",,,김인환,37,0.301,0.576,내야수,11,7,0,32,,한화,,
,,2000-01-13,,,,,,"176cm, 79kg",,,김진욱,,,,투수,,,,,,한화,,
0.291,45,1997-06-10,,120,,,12,"178cm, 96kg",,,김태연,25,0.363,0.799,내야수,59,61,5,89,,한화,,
,2,2001-02-12,0.00,,2,0,0,"181cm, 100kg",4,0,남지민,11,,,투수,,,,3,0,한화,0,1.00
0.272,60,2000-12-03,,143,,,24,"185cm, 105kg",,,노시환,8,0.356,0.810,내야수,88,89,6,129,,한화,,
,33,1987-03-25,3.87,,182,0,12,"190cm, 113kg",158 1/3,8,류현진,99,,,투수,,,,135,0,한화,10,1.36
,38,2003-12-23,5.17,,148,0,14,"188cm, 97kg",111 1/3,7,문동주,1,,,투수,,,,96,0,한화,7,1.67
0.277,24,2004-04-20,,72,,,5,"174cm, 82kg",,,문현빈,64,0.340,0.752,내야수,29,47,3,53,,한화,,
,18,1996-07-18,5.15,,114,0,10,"185cm, 95kg",92 2/3,7,바리아,20,,,투수,,,,83,0,한화,6,1.42
0.286,9,1997-03-03,,12,,,0,"185cm, 90kg",,,박상언,42,0.423,0.780,포수,4,4,1,12,,한화,,
,22,1994-09-09,4.59,,57,16,2,"187cm, 98kg",66 2/3,3,박상원,58,,,투수,,,,65,2,한화,3,1.19
,3,1999-11-18,16.20,,4,0,0,"184cm, 90kg",1 2/3,0,배민서,39,,,투수,,,,1,0,한화,0,4.20
,21,1997-04-11,4.22,,60,0,2,"178cm, 99kg",53 1/3,3,산체스,34,,,투수,,,,56,0,한화,2,1.52
,,2000-01-29,,,,,,"181cm, 68kg",,,성지훈,97,,,투수,,,,,,한화,,
0.300,49,1990-07-02,,142,,,13,"178cm, 97kg",,,안치홍,3,0.370,0.797,내야수,64,66,3,70,,한화,,
,29,1996-12-10,3.73,,77,0,8,"193cm, 100kg",91 2/3,5,와이스,55,,,투수,,,,98,0,한화,5,1.16
0.222,3,2000-05-30,,8,,,0,"186cm, 83kg",,,유로결,33,0.282,0.532,외야수,6,4,0,11,,한화,,
,6,1994-04-09,10.57,,10,0,1,"179cm, 81kg",7 2/3,0,윤대경,5,,,투수,,,,7,0,한화,0,2.09
0.277,26,1996-10-07,,93,,,1,"175cm, 79kg",,,이도윤,7,0.332,0.665,내야수,49,46,6,56,,한화,,
0.000,0,1987-12-26,,0,,,0,"183cm, 87kg",,,이명기,14,0.000,0.000,외야수,0,1,0,3,,한화,,
,23,1993-02-09,3.76,,56,10,5,"185cm, 104kg",55,1,이민우,27,,,투수,,,,49,1,한화,2,1.44
,기록이 없습니다.,2004-02-02,,,,,,"185cm, 74kg",,,이민준,49,,,내야수,,,,,,한화,,
,15,1996-10-20,5.63,,39,0,5,"185cm, 77kg",32,4,이상규,18,,,투수,,,,27,0,한화,1,1.69
0.154,2,2001-09-14,,2,,,0,"174cm, 65kg",,,이상혁,65,0.267,0.421,외야수,13,0,5,5,,한화,,
0.233,16,1999-03-31,,31,,,0,"177cm, 69kg",,,이원석,50,0.322,0.600,외야수,26,13,8,32,,한화,,
,기록이 없습니다.,1999-02-28,,,,,,"182cm, 86kg",,,이재용,12,,,포수,,,,,,한화,,
0.239,7,1988-02-24,,32,,,1,"185cm, 98kg",,,이재원,32,0.287,0.578,포수,10,16,0,21,,한화,,
0.204,8,1997-07-21,,19,,,1,"183cm, 89kg",,,이진영,45,0.282,0.583,외야수,20,13,0,27,,한화,,
,3,1994-09-20,3.86,,4,0,0,"182cm, 82kg",2 1/3,0,이충호,19,,,투수,,,,3,0,한화,0,3.00
,2,1990-07-03,11.57,,17,0,4,"192cm, 97kg",9 1/3,2,이태양,46,,,투수,,,,2,0,한화,0,2.04
0.158,6,2001-09-28,,9,,,0,"184cm, 85kg",,,임종찬,24,0.250,0.531,외야수,10,7,0,19,,한화,,
0.000,1,2002-06-28,,0,,,0,"183cm, 96kg",,,장규현,96,0.143,0.143,포수,0,0,0,1,,한화,,
,7,1990-03-19,3.10,,46,0,2,"184cm, 106kg",29,1,장민재,36,,,투수,,,,17,0,한화,1,1.83
,22,1987-11-01,5.13,,34,2,3,"184cm, 97kg",33 1/3,2,장시환,28,,,투수,,,,28,0,한화,2,1.68
,10,2000-05-25,10.93,,23,0,0,"179cm, 80kg",14,0,장지수,40,,,투수,,,,11,0,한화,0,2.36
0.263,29,1993-09-30,,76,,,9,"184cm, 90kg",,,장진혁,51,0.335,0.747,외야수,56,44,14,72,,한화,,
,기록이 없습니다.,2005-01-26,,,,,,"183cm, 78kg",,,정안석,116,,,내야수,,,,,,한화,,
,0,1985-06-01,-,,1,0,0,"181cm, 83kg",0,0,정우람,57,,,투수,,,,0,0,한화,0,-
0.172,13,2000-01-17,,11,,,1,"177cm, 84kg",,,정은원,43,0.312,0.609,내야수,10,6,2,16,,한화,,
,,2000-03-07,,,,,,"190cm, 89kg",,,정이황,31,,,투수,,,,,,한화,,
,14,2004-11-02,6.37,,57,0,5,"190cm, 82kg",41,2,조동욱,68,,,투수,,,,32,0,한화,1,1.73
,기록이 없습니다.,2000-10-20,,,,,,"182cm, 77kg",,,조한민,48,,,내야수,,,,,,한화,,
,8,1992-08-10,2.65,,52,2,9,"177cm, 92kg",71 1/3,4,주현상,66,,,투수,,,,64,23,한화,8,0.84
0.271,49,1990-02-06,,118,,,20,"186cm, 92kg",,,채은성,22,0.351,0.814,외야수,61,83,1,83,,한화,,
0.286,25,2000-01-30,,60,,,2,"178cm, 82kg",,,최인호,41,0.367,0.762,외야수,37,22,3,31,,한화,,
0.257,33,1989-08-27,,72,,,4,"178cm, 94kg",,,최재훈,13,0.371,0.707,포수,34,37,0,58,,한화,,
,20,1990-01-25,6.27,,41,0,6,"188cm, 99kg",37 1/3,5,페냐,,,,투수,,,,29,0,한화,3,1.63
0.275,63,1998-11-10,,125,,,24,"175cm, 88kg",,,페라자,30,0.364,0.850,외야수,75,70,7,129,,한화,,
0.292,10,1994-02-25,,40,,,1,"185cm, 92kg",,,하주석,16,0.349,0.743,내야수,16,11,1,33,,한화,,
0.000,0,1998-12-11,,0,,,0,"178cm, 69kg",,,한경빈,6,0.000,0.000,내야수,0,0,0,1,,한화,,
,10,2001-03-17,11.45,,45,0,2,"184cm, 83kg",22,2,한승주,59,,,투수,,,,14,0,한화,0,2.50
,38,1993-01-03,5.03,,63,19,2,"185cm, 100kg",62 2/3,5,한승혁,26,,,투수,,,,64,0,한화,5,1.61
,기록이 없습니다.,1999-02-12,,,,,,"176cm, 93kg",,,허관회,10,,,포수,,,,,,한화,,
0.301,31,1999-10-16,,105,,,3,"177cm, 80kg",,,황영묵,95,0.365,0.737,내야수,52,35,4,56,,한화,,
,51,2005-08-22,5.38,,80,1,9,"185cm, 78kg",72,8,황준서,29,,,투수,,,,70,0,한화,2,1.82
,,2003-07-14,,,,,,"186cm, 84kg",,,강건준,,,,투수,,,,,,NC,,
0.300,77,1990-12-30,,125,,,13,"177cm, 85kg",,,권희동,36,0.417,0.869,외야수,66,77,4,63,,NC,,
,3,2001-09-07,5.68,,8,0,0,"183cm, 84kg",6 1/3,0,김민규,63,,,투수,,,,2,0,NC,0,1.74
,,2005-01-18,,,,,,"188cm, 88kg",,,김민균,9,,,투수,,,,,,NC,,
0.000,0,2000-04-20,,0,,,0,"183cm, 90kg",,,김범준,66,0.000,0.000,외야수,0,0,0,2,,NC,,
0.204,31,1993-05-01,,73,,,17,"181cm, 83kg",,,김성욱,38,0.291,0.671,외야수,55,60,10,79,,NC,,
0.000,1,2005-04-04,,0,,,0,"174cm, 77kg",,,김세훈,84,0.200,0.200,내야수,0,0,0,2,,NC,,
0.222,1,1998-07-16,,2,,,0,"180cm, 83kg",,,김수윤,3,0.300,0.522,내야수,0,0,0,4,,NC,,
,59,1999-02-24,4.53,,110,5,7,"188cm, 95kg",107 1/3,4,김시훈,21,,,투수,,,,74,0,NC,3,1.57
,14,2000-02-10,3.15,,40,14,3,"188cm, 86kg",45 2/3,2,김영규,17,,,투수,,,,48,1,NC,4,1.18
,29,1996-01-02,2.49,,58,12,4,"183cm, 97kg",68 2/3,5,김재열,32,,,투수,,,,67,2,NC,1,1.27
0.252,51,2002-07-30,,97,,,9,"185cm, 83kg",,,김주원,7,0.371,0.750,내야수,61,49,16,111,,NC,,
,2,1998-06-07,7.71,,3,0,0,"183cm, 90kg",2 1/3,0,김진호,54,,,투수,,,,3,0,NC,0,2.14
,7,1998-03-21,7.20,,14,0,3,"188cm, 95kg",10,0,김태현,15,,,투수,,,,3,0,NC,0,2.10
0.318,2,2001-01-18,,14,,,0,"177cm, 85kg",,,김한별,68,0.400,0.741,내야수,8,3,0,9,,NC,,
0.195,45,1999-11-02,,69,,,17,"187cm, 98kg",,,김형준,25,0.285,0.658,포수,39,50,0,144,,NC,,
,,2005-08-27,,,,,,"191cm, 105kg",,,김휘건,59,,,투수,,,,,,NC,,
0.258,52,2002-01-01,,126,,,16,"180cm, 92kg",,,김휘집,44,0.337,0.747,내야수,78,73,4,119,,NC,,
0.306,39,1991-03-26,,154,,,46,"190cm, 104kg",,,데이비슨,24,0.370,1.003,내야수,90,119,0,142,,NC,,
0.214,24,1993-03-18,,31,,,0,"184cm, 85kg",,,도태훈,16,0.345,0.586,내야수,20,15,1,29,,NC,,
,19,1996-10-10,5.74,,52,10,4,"189cm, 88kg",42 1/3,1,류진욱,41,,,투수,,,,37,0,NC,2,1.68
,10,2004-05-11,12.00,,15,0,1,"181cm, 83kg",9,1,목지훈,73,,,투수,,,,3,0,NC,0,2.78
,기록이 없습니다.,1998-01-31,,,,,,"185cm, 79kg",,,문상인,,,,포수,,,,,,NC,,
0.344,33,1990-09-08,,111,,,13,"184cm, 80kg",,,박건우,37,0.409,0.951,외야수,58,53,4,54,,NC,,
0.328,54,1993-02-06,,150,,,8,"185cm, 80kg",,,박민우,2,0.406,0.852,내야수,75,50,32,79,,NC,,
0.264,14,1990-01-09,,39,,,1,"181cm, 86kg",,,박세혁,10,0.337,0.682,포수,21,10,4,43,,NC,,
0.234,14,2001-05-30,,33,,,2,"185cm, 85kg",,,박시원,39,0.301,0.627,외야수,17,17,3,46,,NC,,
0.500,1,1997-07-16,,3,,,0,"182cm, 88kg",,,박영빈,101,0.571,1.404,외야수,3,1,2,3,,NC,,
,기록이 없습니다.,1996-01-11,,,,,,"178cm, 84kg",,,박주찬,6,,,내야수,,,,,,NC,,
,1,1999-08-03,6.00,,3,0,1,"184cm, 85kg",3,0,박주현,67,,,투수,,,,4,0,NC,0,1.33
0.185,6,2004-04-26,,12,,,7,"181cm, 90kg",,,박한결,60,0.254,0.777,외야수,8,14,0,29,,NC,,
,15,1995-02-24,7.32,,20,0,5,"186cm, 95kg",19 2/3,1,배재환,61,,,투수,,,,13,0,NC,0,1.78
,8,1997-09-05,9.39,,5,0,1,"194cm, 115kg",7 2/3,0,서의태,58,,,투수,,,,7,0,NC,1,1.70
0.285,30,1996-10-16,,146,,,10,"179cm, 85kg",,,서호철,5,0.342,0.735,내야수,68,61,1,101,,NC,,
,1,1999-02-09,13.50,,6,0,0,"185cm, 93kg",3 1/3,0,소이현,50,,,투수,,,,1,0,NC,0,2.10
0.285,16,1988-03-18,,95,,,7,"174cm, 84kg",,,손아섭,31,0.314,0.710,외야수,45,50,6,65,,NC,,
,2,2002-01-05,9.82,,2,0,0,"177cm, 85kg",3 2/3,1,손주환,94,,,투수,,,,4,0,NC,0,1.09
,17,2000-08-09,5.87,,40,4,4,"191cm, 93kg",38 1/3,1,송명기,11,,,투수,,,,31,0,NC,2,1.49
0.200,0,2000-10-28,,1,,,0,"183cm, 93kg",,,송승환,8,0.200,0.400,외야수,1,0,0,1,,NC,,
,16,1999-02-04,4.31,,140,0,20,"184cm, 95kg",121,9,신민혁,53,,,투수,,,,74,0,NC,8,1.29
,15,2004-04-21,10.61,,9,0,0,"182cm, 84kg",9 1/3,1,신영우,43,,,투수,,,,6,0,NC,0,2.57
0.000,0,2003-10-11,,0,,,0,"181cm, 91kg",,,신용석,42,0.000,0.000,포수,0,0,0,0,,NC,,
,,1993-02-01,,,,,,"185cm, 86kg",,,심창민,18,,,투수,,,,,,NC,,
0.286,3,1995-09-01,,6,,,2,"176cm, 87kg",,,안중열,1,0.360,0.979,포수,5,4,0,7,,NC,,
0.200,2,2000-01-30,,6,,,3,"178cm, 93kg",,,오영수,34,0.265,0.765,내야수,4,5,0,6,,NC,,
,20,1989-07-29,5.72,,51,0,5,"188cm, 93kg",39 1/3,4,요키시,20,,,투수,,,,32,0,NC,3,1.81
,기록이 없습니다.,1994-01-31,,,,,,"186cm, 97kg",,,윤형준,52,,,내야수,,,,,,NC,,
,14,2002-05-08,6.68,,42,0,5,"180cm, 95kg",33 2/3,3,이용준,48,,,투수,,,,26,0,NC,2,1.66
,21,1989-01-02,6.13,,82,2,6,"185cm, 85kg",54 1/3,9,이용찬,22,,,투수,,,,49,16,NC,3,1.90
,42,1990-10-04,5.52,,108,0,17,"181cm, 84kg",104 1/3,12,이재학,51,,,투수,,,,97,0,NC,3,1.44
,26,2000-03-27,7.48,,71,2,7,"181cm, 85kg",49 1/3,5,이준호,27,,,투수,,,,42,0,NC,3,1.97
,23,2005-07-16,6.47,,46,0,5,"184cm, 89kg",40 1/3,5,임상현,28,,,투수,,,,21,0,NC,1,1.71
,25,1990-04-16,4.42,,54,9,3,"188cm, 90kg",55,6,임정호,13,,,투수,,,,46,2,NC,1,1.44
,,2001-09-15,,,,,,"183cm, 73kg",,,임형원,12,,,투수,,,,,,NC,,
,9,2000-06-09,22.24,,15,0,0,"185cm, 80kg",5 2/3,0,전루건,47,,,투수,,,,0,0,NC,0,4.24
,17,1999-07-06,9.51,,39,0,3,"194cm, 85kg",23 2/3,0,전사민,57,,,투수,,,,17,0,NC,0,2.37
,기록이 없습니다.,2002-09-10,,,,,,"182cm, 69kg",,,조현진,46,,,내야수,,,,,,NC,,
,3,1995-07-11,12.00,,6,0,0,"180cm, 70kg",3,0,채원후,19,,,투수,,,,2,0,NC,0,3.00
0.284,13,1994-04-01,,61,,,5,"181cm, 83kg",,,천재환,23,0.335,0.740,외야수,31,33,8,52,,NC,,
,기록이 없습니다.,1998-10-16,,,,,,"181cm, 88kg",,,최보성,49,,,내야수,,,,,,NC,,
,17,1997-04-28,5.79,,65,1,7,"180cm, 85kg",46 2/3,0,최성영,26,,,투수,,,,29,1,NC,2,1.76
,6,2005-03-31,3.12,,7,0,2,"190cm, 90kg",8 2/3,0,최우석,64,,,투수,,,,8,0,NC,0,1.50
0.282,17,2000-06-24,,37,,,1,"176cm, 70kg",,,최정원,14,0.377,0.721,내야수,33,14,7,34,,NC,,
,25,1994-09-17,4.35,,117,0,11,"190cm, 104kg",111 2/3,6,카스타노,,,,투수,,,,89,0,NC,8,1.27
,38,1992-11-23,2.69,,124,0,11,"196cm, 90kg",157,3,하트,30,,,투수,,,,182,0,NC,13,1.03
0.247,2,1994-05-17,,18,,,0,"181cm, 73kg",,,한석현,33,0.276,0.605,외야수,10,3,2,22,,NC,,
,27,2001-11-21,3.97,,37,6,2,"180cm, 90kg",45 1/3,2,한재승,55,,,투수,,,,44,0,NC,1,1.41
0.222,0,2001-10-19,,2,,,0,"177cm, 89kg",,,한재환,35,0.222,0.555,내야수,1,1,0,3,,NC,,
,,2005-05-17,,,,,,"188cm, 96kg",,,홍유원,102,,,투수,,,,,,NC,,
0.256,28,2001-06-21,,65,,,0,"173cm, 80kg",,,고영우,44,0.329,0.648,내야수,21,35,0,71,,키움,,
0.257,18,2004-11-07,,67,,,9,"186cm, 96kg",,,김건희,12,0.300,0.718,내야수,27,38,0,82,,키움,,
,2,2004-07-09,54.00,,1,0,0,"194cm, 100kg",1/3,0,김동규,43,,,투수,,,,0,0,키움,0,9.00
,6,1997-05-16,5.00,,33,3,4,"178cm, 83kg",36,1,김동욱,65,,,투수,,,,18,0,키움,2,1.08
0.200,1,2004-07-15,,1,,,0,"182cm, 91kg",,,김동헌,22,0.429,0.629,포수,0,1,0,0,,키움,,
,10,2001-12-27,6.85,,27,0,7,"184cm, 84kg",22 1/3,2,김동혁,60,,,투수,,,,9,0,키움,0,1.66
0.169,6,2001-02-16,,10,,,1,"177cm, 79kg",,,김병휘,0,0.300,0.571,내야수,6,3,0,26,,키움,,
,30,1991-09-01,5.54,,91,0,13,"187cm, 98kg",76 1/3,4,김선기,49,,,투수,,,,43,0,키움,6,1.59
,17,1994-04-26,4.34,,45,14,5,"181cm, 90kg",45 2/3,4,김성민,8,,,투수,,,,34,0,키움,3,1.36
0.000,0,1998-03-20,,0,,,0,"180cm, 91kg",,,김수환,13,0.000,0.000,내야수,0,0,0,1,,키움,,
0.143,0,2001-10-31,,1,,,0,"177cm, 79kg",,,김시앙,26,0.143,0.286,포수,1,0,0,1,,키움,,
,17,2004-02-27,6.61,,34,1,5,"175cm, 75kg",31 1/3,1,김연주,68,,,투수,,,,18,0,키움,1,1.63
0.125,4,1996-02-09,,4,,,0,"182cm, 97kg",,,김웅빈,10,0.243,0.368,내야수,2,2,0,15,,키움,,
,35,2005-03-07,6.04,,93,2,6,"185cm, 90kg",79,6,김윤하,19,,,투수,,,,43,0,키움,1,1.62
,31,2000-01-12,5.40,,75,0,9,"187cm, 91kg",63 1/3,7,김인범,67,,,투수,,,,27,0,키움,2,1.67
,12,1998-10-22,3.42,,24,7,2,"171cm, 86kg",23 2/3,2,김재웅,,,,투수,,,,19,0,키움,0,1.52
0.243,14,1993-03-18,,70,,,0,"178cm, 90kg",,,김재현,32,0.297,0.578,포수,27,26,1,63,,키움,,
0.150,1,1996-03-05,,3,,,0,"173cm, 84kg",,,김주형,6,0.292,0.442,내야수,0,2,0,9,,키움,,
,기록이 없습니다.,2004-05-27,,,,,,"174cm, 91kg",,,김지성,97,,,포수,,,,,,키움,,
0.222,7,1995-10-07,,42,,,0,"169cm, 73kg",,,김태진,1,0.249,0.535,내야수,26,10,0,27,,키움,,
0.326,47,1999-01-27,,166,,,11,"179cm, 80kg",,,김혜성,3,0.383,0.841,내야수,90,75,30,62,,키움,,
0.330,39,1995-05-19,,126,,,11,"183cm, 100kg",,,도슨,27,0.399,0.907,외야수,69,57,2,54,,키움,,
,25,1991-11-09,6.57,,54,2,3,"182cm, 89kg",38 1/3,2,문성현,21,,,투수,,,,31,3,키움,1,2.06
,4,2004-05-28,13.50,,7,0,1,"183cm, 75kg",5 1/3,1,박범준,45,,,투수,,,,8,0,키움,0,2.06
0.222,1,2004-04-21,,2,,,0,"177cm, 94kg",,,박성빈,64,0.364,0.697,포수,1,2,0,2,,키움,,
0.256,13,1999-02-25,,33,,,0,"178cm, 82kg",,,박수종,14,0.333,0.643,외야수,23,6,3,17,,키움,,
,9,1994-02-12,6.75,,16,0,2,"183cm, 96kg",17 1/3,1,박승주,42,,,투수,,,,13,0,키움,0,1.44
,9,2004-02-08,5.79,,14,1,5,"183cm, 96kg",18 2/3,0,박윤성,00,,,투수,,,,14,0,키움,0,1.23
0.102,10,2001-04-16,,5,,,0,"187cm, 87kg",,,박주홍,57,0.254,0.397,외야수,5,1,2,17,,키움,,
0.000,0,1999-03-07,,0,,,0,"177cm, 89kg",,,박준형,96,0.000,0.000,포수,0,0,0,3,,키움,,
,기록이 없습니다.,2003-04-25,,,,,,"181cm, 87kg",,,박찬혁,,,,외야수,,,,,,키움,,
0.251,11,1997-04-04,,55,,,5,"180cm, 80kg",,,변상권,56,0.289,0.631,외야수,16,21,0,51,,키움,,
,8,2005-10-22,7.53,,17,0,2,"188cm, 88kg",14 1/3,1,손현기,63,,,투수,,,,9,0,키움,0,1.74
0.340,64,1996-08-29,,179,,,19,"183cm, 88kg",,,송성문,24,0.409,0.927,내야수,88,104,21,82,,키움,,
0.000,0,2005-01-08,,0,,,0,"175cm, 74kg",,,송지후,94,0.000,0.000,내야수,1,0,0,0,,키움,,
-,0,2001-06-21,,0,,,0,"177cm, 80kg",,,신준우,37,-,-,내야수,0,0,0,0,,키움,,
-,0,2005-05-28,,0,,,0,"183cm, 84kg",,,심휘윤,4,-,-,내야수,0,0,0,0,,키움,,
,13,1998-12-16,6.27,,16,3,1,"185cm, 103kg",18 2/3,2,양지율,55,,,투수,,,,7,0,키움,0,1.55
,,2004-07-21,,,,,,"184cm, 82kg",,,오상원,39,,,투수,,,,,,키움,,
,11,1998-04-14,11.12,,28,0,0,"180cm, 74kg",17,1,오석주,31,,,투수,,,,16,0,키움,1,2.29
0.250,10,2000-03-31,,28,,,2,"181cm, 80kg",,,원성준,33,0.306,0.654,내야수,12,11,2,36,,키움,,
,3,1987-07-31,4.91,,4,0,0,"182cm, 88kg",3 2/3,0,원종현,46,,,투수,,,,4,0,키움,0,1.91
,7,2003-07-04,11.42,,31,0,3,"185cm, 81kg",17 1/3,1,윤석원,95,,,투수,,,,1,0,키움,0,2.19
,2,1993-05-17,9.00,,4,0,0,"186cm, 100kg",3,0,윤정현,99,,,투수,,,,1,0,키움,0,2.00
,5,2002-12-05,8.18,,20,0,4,"180cm, 84kg",11,1,이명종,38,,,투수,,,,4,0,키움,0,2.27
0.108,2,2004-07-02,,4,,,0,"185cm, 75kg",,,이승원,92,0.154,0.289,내야수,3,1,0,13,,키움,,
0.306,31,1985-08-26,,56,,,1,"170cm, 74kg",,,이용규,15,0.429,0.801,외야수,27,12,2,33,,키움,,
0.220,14,1986-10-21,,20,,,0,"181cm, 82kg",,,이원석,17,0.330,0.594,내야수,5,8,0,18,,키움,,
0.190,2,2005-04-17,,16,,,1,"183cm, 85kg",,,이재상,5,0.227,0.465,내야수,7,5,0,33,,키움,,
,22,2001-06-04,7.63,,56,0,9,"185cm, 96kg",43 2/3,8,이종민,66,,,투수,,,,21,0,키움,1,1.79
0.266,49,2001-04-02,,126,,,13,"181cm, 80kg",,,이주형,2,0.352,0.754,외야수,82,60,6,119,,키움,,
0.216,22,1989-06-07,,22,,,4,"183cm, 87kg",,,이형종,36,0.360,0.723,외야수,19,19,1,27,,키움,,
0.241,4,1995-09-30,,21,,,3,"187cm, 94kg",,,임병욱,35,0.272,0.651,외야수,14,10,1,32,,키움,,
0.102,7,1995-08-22,,5,,,1,"180cm, 94kg",,,임지열,29,0.211,0.374,내야수,4,5,0,16,,키움,,
0.168,17,2002-05-10,,20,,,4,"187cm, 83kg",,,장재영,61,0.288,0.582,외야수,14,13,0,64,,키움,,
,20,2005-05-07,6.83,,35,0,4,"186cm, 90kg",27 2/3,4,전준표,62,,,투수,,,,18,0,키움,2,1.99
,3,1990-01-26,7.88,,26,0,3,"186cm, 95kg",16,2,정찬헌,58,,,투수,,,,5,0,키움,0,1.81
,20,1994-09-04,3.18,,40,9,2,"186cm, 97kg",39 2/3,1,조상우,11,,,투수,,,,36,6,키움,0,1.51
,24,1999-02-04,8.01,,51,1,7,"180cm, 85kg",39 1/3,1,조영건,20,,,투수,,,,31,0,키움,2,1.91
0.200,6,2000-08-30,,11,,,1,"182cm, 95kg",,,주성원,25,0.279,0.552,외야수,7,5,0,18,,키움,,
,18,2000-01-30,4.35,,50,5,4,"180cm, 82kg",51 2/3,6,주승우,30,,,투수,,,,43,14,키움,4,1.32
0.257,47,1988-02-28,,124,,,13,"177cm, 73kg",,,최주환,53,0.325,0.715,내야수,49,84,0,92,,키움,,
,58,1995-05-07,4.37,,168,0,8,"183cm, 74kg",150 1/3,8,하영민,50,,,투수,,,,101,0,키움,9,1.50
,44,1996-12-10,3.68,,171,0,22,"192cm, 104kg",171 1/3,11,헤이수스,54,,,투수,,,,178,0,키움,13,1.25
,32,1996-01-30,3.36,,185,0,19,"187cm, 109kg",190 1/3,8,후라도,75,,,투수,,,,169,0,키움,10,1.14
